means,variances
0.49592043911467487,1.1999491570505847
0.36822408840487375,1.1817928705142453
1.161028491213923,0.854320108541947
0.41296564914307393,1.154376350889513
4.539495890285226,0.387105769879182
0.5111266825307849,1.0861460520805917
3.4808066774566346,0.5869784169577468
0.7077569770595575,1.2700617333886075
0.5146884871340853,1.213630373269675
4.554646549542194,8.39208301200536
0.1898254063003139,1.2302974431179077
-0.15610609143475723,1.080799458703123
0.1262550726039466,1.0115016762537299
0.6147247552843149,0.77476130147116
0.11757486271135975,1.0249355416738748
0.04243096319840839,1.0771079183631116
-0.024139270585752198,1.1173230261161569
-0.06846851416794057,1.151224883288728
0.24558460459092663,0.9280200372223893
0.6817664065967406,1.4303351723553277
17.07202760794236,0.4416575543961321
8.18263769542686,0.22201038951044122
0.33714164622895854,1.0761383511522646
0.5498339466812288,0.8457996297108945
1.2583486332179978,0.8059990981865919
1.2052019282183342,0.9145841472435136
-0.15362938189183753,1.0620209503055535
0.015585357642799788,1.0304463829483077
-0.19790811081320114,1.081256988361979
4.355075933009382,0.6225912428982137
0.256893897788387,1.2186520515538868
0.7399255768509896,0.8437004725440691
-0.147880446395293,0.9984176768021268
-0.10678510402526903,1.0357318200015593
1.9761241098741154,0.8181067675779972
-0.2289706984551275,1.0315908726426801
0.008665755523795844,0.9898105275560674
-0.15788651485280436,1.0159955929109927
0.9597792485841372,1.0998283211283835
0.45410785097925094,1.1435099851206063
3.019746608983454,1.0598339890117636
11.171179239086866,6.029210891758465
0.4715448940369242,1.079721508157158
1.1624052346289244,0.8581837036888488
-0.060834913280389785,1.0882815340538015
-0.08823969763085789,1.132714344391743
-0.08319461287997802,1.1219694708271815
-0.018417630970351144,1.1084580840842253
0.054611621197512415,1.2124310606791173
0.2015593769648176,1.334700866014821
0.10970551925819566,1.212906768801974
1.3402364427118925,1.7307515594978116
0.2890576058723771,1.094174972385493
0.734851843807029,0.8607579945617595
0.15422144947018157,0.8778087915844194
-0.2220054042223468,1.0190785668373066
5.429216733204065,2.7290351799496335
0.6337463619124419,0.7491208574700361
-0.300329595712107,0.9613179655437297
-0.258575221832723,1.0013056768621438
-0.18815971338642598,1.0700886495738129
0.18039756237994087,1.2546008690292352
2.3537479589031394,1.1360050814678553
1.6314697915802352,0.8350414558301065
3.0569685575248706,1.4579815552994702
0.95302190216318,0.7636590713238722
0.5047422505529107,0.9817844601094463
2.6527136438214742,0.6288324351874978
4.793898040064089,0.45523952295941794
8.693893685369977,0.2980197605726456
-0.06324387555815927,1.0734518002287416
0.6013322258640857,1.0643111220531296
4.669960616530528,0.515479854449158
0.01453355650661943,1.0608113803155512
5.049482108941055,0.4087555012345029
0.058556259793703054,1.0416801123758446
5.99697516922046,2.0964498876603614
18.925362070536828,0.2055365765212929
0.3678958856066742,0.8483553525224168
0.18925735705263957,1.147379677456832
0.5476585606709228,1.274155671410725
0.31192585561666053,1.0519314074700834
0.42703335672889925,0.9777520902901748
0.7277604928612024,0.8167140495746371
1.1975808041033191,0.8093344538128961
1.4178900428652028,0.8217255429274961
0.731438757599632,0.9925934448964413
4.814297580983845,1.988693318242795
0.5857347573061544,1.285676547673086
0.3689635468281098,1.2441394731801918
0.6519324693952078,0.7912784771199849
-0.05900021607060659,0.9500873262451246
0.8196688297172582,0.7312853998363348
-0.03710501687892953,1.0574786379662806
0.4525531600818624,0.9769164666309942
-0.19167395740076623,0.9744176633913801
-0.11633847878584465,0.9726518286001111
0.7701047858651519,0.7273054911057224
0.3479853649383263,0.8118600612259801
1.9510340300922524,0.82658396753939
2.8989084676345938,0.8101162859406639
4.867448264693374,0.2540061165114744
2.1714088960315565,0.7753776236806975
0.21184507854529494,0.689160404887107
1.5407576121455147,1.219731194702689
-0.02321588111272153,0.7813419081408046
8.686702684640156,0.6148961100625504
3.1251490590267506,0.7367983618878763
3.5672490459854553,1.5405356318445973
0.6817038184063005,0.7926104916070286
4.099925114290057,0.5734204963042517
0.7250497999853783,0.8753804625731146
3.6051566322615525,0.657218014948368
-0.3061914728488254,0.9499421865925832
-0.26746937228917694,0.9222865474040481
0.31356230268507035,0.8874520210581012
1.4273128304743632,0.7115063309480986
1.7693148850741183,0.7862736153122857
0.17101470399324392,0.9458162665097437
0.04219315767514363,1.0062174324350035
0.5983146736014796,1.8881211755222704
3.4784911738068556,2.6138159270167147
0.909549144400489,0.7951448841280051
0.595904223713199,0.7559251949823118
2.7797097383006593,0.601083292033278
-0.04681710564170282,0.8855170760899937
-0.24886948133982398,1.0461304649763792
-0.1946649475493727,0.9926201018027014
-0.1448127042760839,0.970371286736703
-0.08054765648271348,1.155140842056057
0.08562479195924683,1.0492149054511601
0.5096797963302596,1.3668210020016918
0.0436051590360237,1.1033341037243893
-0.28201426267866364,0.9152146419529517
-0.3382223518496203,0.8845456399655355
-0.36366945287196023,0.859025702240416
-0.0618217234447347,0.9949453733903336
0.7996258428048141,0.7360896562844456
-0.21941260795941733,0.8916731898114469
16.796363858256818,1.0474003991761847
3.5271304175089706,0.7048360463207884
0.06810173163746118,1.0957574074613186
0.20118110660836916,0.9747330542746196
-0.1899207316137144,0.9870756885111344
0.6869175790147267,0.63742578638927
1.5793491749074327,0.7545558047681096
-0.0629727757002062,0.9514981868279653
0.7531112968612295,0.6515565094123346
0.03371380904013325,0.8781744478405344
-0.2287280075049012,0.9855023062943215
3.790503417427612,0.5645092211398116
0.11720646039712629,1.0319866492802974
2.3809645496083522,0.723982305701415
7.223569487709844,0.7123029311172182
-0.17630819153484376,0.9972363834997761
-0.1398229561448602,0.9732283300866138
3.096077321988932,0.8128717597265775
3.708152862485903,0.42723993121615
1.8108893695894328,0.9148416500031034
10.647547041248428,0.7134062763908593
1.9230178453410134,0.8722640312528678
0.23821125122810438,0.9316067629545921
0.335906195135913,0.9796619929352645
0.40938063604189273,0.9615315049074911
0.3437148834353623,0.8598592143486599
1.6050091969673763,0.7242301653768056
0.2234360769203333,0.9583474537946073
5.409393514223562,0.7710689589889199
0.5236059584024937,0.9688314807253217
0.515633825248931,1.0813899935635898
0.16609757063131247,1.019322041835912
-0.25904367870318984,0.867985512589007
-0.21395790516454966,0.8350362370440445
0.390228377909764,0.6477618518022599
-0.16243075311839195,0.921808451819
-0.06739101385002869,0.900906236103626
0.1191406634332556,0.8868913886271227
0.30192582185905426,0.7002016636234119
0.5177825533882213,2.2762238773325905
0.19267988614747147,1.060787328785075
4.185577606129432,0.38903923775260546
-0.4179234237384268,0.8140677576883771
-0.1655402925293106,0.9008775273353568
-0.2722034482567187,0.8547759740433565
0.14381379582945347,0.7017196026428887
0.28954873283138455,0.736342937278683
0.3095465430614693,0.70824787291431
-0.10063927081385039,1.005319202578455
0.40382516905545573,0.8609907802842599
5.193290951763864,0.3375770918043518
2.6397005792984225,0.7349249768407284
-0.2527715552779547,0.8515248558130678
2.6264768558862435,1.2104777318973383
-0.3074609625069336,0.8401678429697987
2.0989077454992455,0.9354492475075447
2.2127768203037195,0.7645766503895897
-0.3358420311259324,0.8298429557955097
-0.11578422649115493,0.8149113304986892
-0.1176518617228753,0.9276624106524273
0.09776268564680123,1.0813067355221453
1.8050678985806856,0.8493615926569713
20.003912063472963,0.7879612919782233
1.394785451896755,0.7847510738937343
2.444052207181104,0.940026259609396
3.9424670638612858,0.5821824908527132
-0.19850690598470558,1.0201027449579727
-0.16779141364517886,0.9806666767228336
-0.12151673970655018,1.0017178638984365
-0.13523203993266641,1.0527542308526432
-0.14813262272470165,0.9904632401964226
1.6889749820921012,0.8164627564570848
4.163498860633303,0.45957604594180285
0.12847965373081327,0.9451386987777206
-0.009518171888622235,0.7717037184658804
-0.1509901718861009,0.8387990057390273
-0.19539143985172047,0.8830577212904878
0.3186596446297936,1.1100764015662306
-0.012846360750014042,0.8385408220222629
-0.25993326704486874,0.9323238136229793
-0.37291572393067063,0.8756101010947784
5.462598247858761,0.39907390456388153
16.851050165004917,8.564272961235037
0.8053010509574682,0.9971910572330172
0.9385085282731825,0.6040114606055194
7.288047391639568,0.25803271349772816
2.3946592295429925,0.6053276864700418
3.9162657161649546,0.8294459398719162
0.15262875946416737,0.7249779494770744
0.3652967119659399,0.8694078306117338
2.922251202872828,0.664915233580722
-0.23314860504633828,0.91702004832812
4.1217528788529645,0.4858632409618503
-0.1939117014058889,0.8828870737514145
-0.266141385123008,0.8001891351003235
1.3928074324609854,0.7932262150219941
-0.07207689940347331,0.8427337154633484
18.013011926548916,0.5782846904740087
-0.347731592086119,0.7905737790126426
-0.20953037501642233,0.9228342838183563
3.927327366639106,0.6346274293066112
0.18660341639864705,1.0486479613685906
1.2848798865996915,1.2499226830823782
0.23694496058098513,1.0398124966920905
0.27500718537663205,1.005126548863408
0.9508273601825842,0.7456893898837019
1.2638576119096303,2.3463569208836605
0.5806445278555654,1.1204418725517582
0.5359004767856641,1.0455300850788305
2.1548964279318623,2.4105698587323787
0.723911119847263,1.4470670988273544
0.7004615802833073,0.8805591859111951
0.8091524686105646,0.6656347977688644
0.0560825001549773,0.9273999973731171
3.3932872114317765,2.3714427268695544
2.8020269531951807,0.8830906901971
-0.01724598956867697,0.973542221936525
-0.07040445785758492,1.0228261024179548
0.17902718250637736,0.8830748984495366
0.3130340463637655,1.0483953975413807
0.1951103915283634,1.173210394297946
0.3205422406815205,1.0064755596340966
3.3214973181350453,0.5411622095999417
1.4122290002881894,1.8672254306342728
-0.11956724012626244,0.9565719373603058
-0.21288639091700215,0.9077518235170142
-0.19600366015634849,0.9264412484044589
1.5935020305719874,0.6279891361837674
0.2746115655433456,1.2396982494266306
-0.06696496637555817,1.0691483734096714
-0.004167874285444084,1.125647175205238
17.907727518880957,1.8900686986060253
2.104469488244886,0.7116889721935857
2.960377622249159,0.5180968009123447
0.10728511853684106,0.9003302488104878
-0.30108568101280153,0.8882796694421128
0.032336543859936485,0.8848949982983575
1.4865185328060906,0.9109085790788443
0.37994601034698766,1.055349032181409
0.21690421677051666,1.4165737993179393
0.2386011120622279,0.9370244629426859
1.9242648442903219,2.5492147043426625
4.960214255809678,6.072190463732144
0.09722296533652881,1.38710883795292
0.058637325624887965,1.3049007448614194
-0.07063034988135977,1.3123855174964083
-0.06579179055953495,1.295148171451147
1.295486178630338,1.3819972027244751
0.5275965573134821,1.3330388959766886
0.37448529331575725,1.7760921131921874
3.1047421229410457,2.539261410099865
10.067272520789873,0.6367611299560039
0.9932584152374491,1.9250324416830975
-0.0245551860350228,1.0818697163612474
0.13725685023443393,0.9468138956076895
0.14948278918860117,0.9145055520608617
-0.17263424162210367,1.0541986493695479
0.1224397035017761,1.0662266112963725
0.2374330341662565,1.0954325230216089
3.1824784431116813,0.7822665521915532
-0.0756972023917523,1.269234877032368
3.1994691197460257,0.6160001783031448
1.8744720848330894,2.038953807950856
2.2981985499872652,0.6067993551987055
2.765997324841991,0.8417635752412775
14.069235618112646,0.2777142095054012
1.2151883768221567,0.6854833681065986
-0.213089972147303,0.9797530359871736
0.2818711888601421,0.8010003258424726
1.6941319431047932,0.7628305999355676
2.351784689646458,1.677839915310482
5.671891153624716,1.0768721028676103
20.204283504342094,1.3152827688656559
5.544222715116618,0.4263492970009611
3.1208977415556225,0.47747292313519957
0.5525510128092598,0.7297233774593017
1.9189138902596181,0.6163358090135255
0.2846554103568501,0.8562427336228671
0.13574785709722798,1.0292853469584344
13.411949480694915,0.5516572269674374
0.2544954544588193,1.1758026697755972
0.6981295999829913,0.9011952101830072
0.3736987948277517,0.8890525423516225
0.5418150037381653,0.8721193575612431
0.501386653186512,0.8500958512369192
2.2146188563743237,1.0222311313508181
0.8392551679100081,0.7959081303485288
3.320849476741712,0.5488738782653269
2.415944209228279,0.7124696749901219
1.157557489574172,1.0302813191130284
0.21084118031114046,1.114255181437001
0.694975206864376,0.8128942768031772
5.194257054334418,10.628516310643946
6.221996940718559,0.27105991489320175
0.6006462822658323,0.6415474958197382
0.0144355200421881,1.002516272218352
-0.023636446202189753,1.056051444210303
-0.12984762356513807,1.0278098509895928
0.2222662839540007,0.8663672370678395
-0.036509616797738814,1.0654997856538422
0.40894655958362863,1.1344844761898616
1.3756086552472813,0.6708471653879072
1.055191331901722,0.7039431042001937
-0.09228413786377412,0.8681348570014186
-0.21649243573195356,0.8836592840150276
7.4263125487683,0.1677027095742151
-0.23756504444241913,0.9023270201530665
-0.40463231925838405,0.8439492319846134
-0.15343198022963253,1.086218103632178
4.247653556949489,11.048085867232905
0.013221312918731564,1.2154416035619025
2.2120286082493004,0.6151722997812379
0.10695468018497063,0.790667100405649
0.14179857693141393,0.8081685493750312
0.6028728410298129,0.6487655830331465
0.39779376736140326,0.7686470950817326
-0.02044231945789916,0.8966502998211465
-0.26764575261118395,0.857391116073488
0.10659302742491,0.9456784785472552
-0.1972234209909431,1.0525494118132233
3.2029943384658726,0.6981420239423409
8.839572515080054,1.0781704558825373
6.832950914753912,4.625143349553244
0.5325841646049186,0.9835537412877979
-0.1977184078195749,0.9369835341728248
4.28498439865415,0.6702073323792985
-0.018523372951752232,1.108476001202107
0.49780209915183504,0.8659831058816752
3.5167039676363054,0.7232022661518163
2.265282736762358,1.5506544758845444
1.1005920252688404,0.7527268133748147
0.36602416949420646,1.3871187826033053
0.9490952870562506,1.2731534837862801
0.15973480776104662,0.8655727041194409
0.24373979903731452,0.6676592728545737
10.25138474352793,0.15422426187405341
3.2799725525632897,0.648593008366394
0.4422908639847386,0.7052151408348539
-0.15691452635700026,0.8611420912909216
0.2449271101557762,0.8201606056921205
-0.09827718001629551,0.8707052114332702
-0.13243535309944646,0.9739742322736137
0.06534265705680854,1.0994577537624668
5.406011226447494,0.7209041447951946
3.723062217446261,0.4832098837073506
-0.022404303209609542,0.7930599179255605
0.332021432441917,0.6837536951995253
1.807166241178628,0.7937970824603308
1.0074974237476622,0.6699640789991037
10.471892287882467,0.8835060823210157
2.8855886659748293,0.48424423292681806
1.2317529420745985,1.3235117796577507
1.682850816040694,0.740728263731772
9.837244720449876,3.2555414126351243
0.4332584297409993,0.6808602214531511
0.17754359760860533,0.7622541015955545
0.18968820535863087,0.8658147946971029
-0.3366172202016572,0.8775234341935313
2.1160625319893143,0.8733174964448915
1.9313359632871128,1.081798080018326
0.11302295601308548,1.00997493243241
0.47044559727958546,0.999961372817986
0.4171640649838469,1.1546121570328542
0.8379228439887088,1.260648110670775
0.2487331970404917,0.9592669194285222
0.9724660021902657,2.548138005058201
1.1789197183597397,2.848428916514551
0.620880048701615,1.2885773244550467
0.4887494822893012,1.3142941181940904
0.1149574129895173,1.2373009895709695
0.22244875581956267,1.2676476806608876
0.6874703652301846,1.1203750738018814
1.6335830929180644,1.0862103338364446
-0.11845307656089858,1.026250825649893
-0.14188000163813497,0.8759426432872898
-0.3023740261435535,1.0504695360160687
-0.21188904095353844,0.9634814587835541
0.26639670066096066,0.833846543153612
0.544482486965285,0.7534276117804992
-0.3046631890678315,1.0327379848089735
0.0997366739409503,1.1894754535921803
16.78476031130674,0.44342704178006265
-0.27057497415247905,0.9704905715566597
-0.20766349252782432,0.7853184647688841
5.634325287267398,2.2857487221719115
-0.4526894303565499,0.9030415225287538
-0.4422644245078985,0.90625709366006
0.0060790426996893045,1.132702008963117
-0.28681149728023275,0.8839512254575319
-0.14885767051224089,1.0905446458704127
0.001996603038230096,1.2382958996926594
1.7214942058695035,0.6831161036661014
4.572945124700641,0.7567192926755628
-0.4528586996597975,0.8834542308276226
3.303863311715783,0.7801758634688122
0.21588439529627096,0.8478893386131356
10.6978591839366,0.08052884266927676
0.310750927267753,0.8053658468418124
7.646410313533637,1.3235609871346972
-0.04361134188021948,1.2160873218630044
1.5978619059133146,0.7746458489391834
5.469602434035852,0.263306388380873
1.5610183278842908,3.2014134511646417
0.020570574658165287,1.0588523316237914
-0.36829232308487214,0.937362902351524
-0.34037623042329285,1.0236979378461906
-0.42288094675911936,0.9065573625438649
-0.45248445739237636,0.9102641135395497
0.37676229481231877,0.756806176300349
-0.34994574600899225,1.068185211296033
-0.3033772819170445,1.098225613303654
-0.28203190961723196,1.0942420090840095
10.934206512757378,0.5260530575878541
0.5097029206929967,0.7178159082127022
-0.37608831476232363,0.8739360788524441
-0.19378614877884393,1.0976716003627516
-0.4227023330953837,0.8612830442750965
1.0140876026349723,0.7174168516059594
0.044137245050488834,1.213615682315573
-0.30671395147195885,0.9692858692763338
0.08255860688489351,0.9393884900695537
-0.3217726188855932,0.9925796841382077
-0.013678398848850564,1.2215297844026645
4.371374454953615,0.33152456284214754
17.841558727556965,0.6987111501799564
1.2983477390332319,0.6585835443791767
2.3371515580517523,0.7149847190172739
0.07541223710935188,0.867146571797959
-0.20915312918847703,0.8972453348688846
-0.4196565548895064,0.9098403920119278
-0.448494192198835,0.8490051009803042
0.1575543732069285,0.8589227698520494
0.0010823285920161024,1.0433937298806508
-0.21541154829291584,1.013249406708988
9.135616617331491,0.3895349660890648
0.8518827619886453,0.655401089973688
17.080537350351346,0.3214728851380644
1.113936475072133,0.6826181774477026
-0.304899331565247,0.8406800296021298
9.682048115291144,0.9482610155489809
0.9385259193070854,1.1996087578259529
1.243932146668334,0.7439167482197939
0.24606025316742616,1.2941325602329186
0.3471518720348706,1.0981516936897413
1.603901539718826,1.4104926005949845
0.21991712640363648,1.1294877064277387
0.31334209563167026,1.2353326793217048
0.2711270655380403,1.267877174165991
0.687776532126817,1.0193626750665448
0.9527376887942346,1.13297821783933
0.3855048068352816,1.2778925917255424
0.42722237201174995,1.4152095307470252
0.467125754499687,1.2100315111915625
1.5764590390035111,1.246505565881467
0.8524197158244736,0.734212629358864
4.564386770011829,0.421550480134161
-0.2950363093433028,1.007052312839639
-0.18912130049179374,1.089388876237765
0.06851526306193047,1.1674509739746604
-0.21791392406773294,1.098403576501014
-0.027745084851790662,1.1224735396066114
0.06051605120810936,1.2857973656956585
0.66218633798071,0.9299420958918743
14.203888642386731,0.19325977344939546
0.09381431287519429,0.7075059698806022
5.841142350965089,0.38025086228078253
1.8845415878226697,0.8099721667728181
2.3356653644273444,0.7213551376861195
-0.24219802347055125,1.1496102814509648
-0.46440444413886,0.9004525887914928
-0.3353371511528236,1.0306298181864137
0.05417138669300832,1.3361828416385724
-0.12152673863236257,1.1842649732072321
-0.43329516259956063,0.938271138346238
-0.40642246330070225,0.9045257576635398
3.3478622464449734,0.676213838753912
7.622060666647309,0.222196316696692
-0.4227786469583853,0.91480733302479
-0.46097076376571355,0.9036233687629438
-0.4418517801686583,0.9505800935785351
0.39865788548787695,0.8731394400563852
3.3424211484473725,0.6926109876646321
4.671201634202265,0.44972121211173294
9.628453065684303,2.1945890448704644
0.1182112114787675,1.2390266875487814
-0.01266749406119166,1.143414946902066
-0.4171511013605765,0.8790273833105341
0.1692856634565351,0.9319827998254
0.18137242411861712,0.8395359589386783
-0.416054263276941,0.944951871602826
3.204746865885718,1.0052889752205476
1.7765376945739961,1.4975774790828205
9.876957475539703,0.17704045940612675
2.1022314688542787,0.980435308346491
0.0026395047793201488,1.1412480068052457
3.9000685772496757,0.464154155024543
-0.4020569951890651,0.8712596886677301
-0.23616424357738933,1.0408575720626978
0.14578552658451122,0.7048576560453949
-0.47815326756684867,0.8816618893972964
-0.43098806455075145,0.9371711350159092
-0.40330370141203425,0.9619160333782539
1.9821367725973003,0.724286393464439
4.456839220898725,0.4057753837864042
5.6535818840600385,0.2699345439247014
1.6139804111278715,0.7761763061123469
15.384059302289934,0.3351819773741194
0.39121821260782397,0.6750434269341159
7.208816854796423,0.34894314219383554
-0.25093479031581806,0.9315767867732927
9.901676491572697,0.36165726479077237
0.9804341515884747,0.6902845969648348
-0.009107498692195692,0.9323173335303865
0.4671555368399717,0.9619899276006547
1.3979649708972006,0.726025442911966
3.8896676797832623,0.6909168525110305
0.5409211541751208,0.6824081616891862
-0.43782300072144775,0.8960864509270607
-0.45490013463164175,0.9026364401626729
1.6271037686268084,2.1321109380312393
-0.06647643163363845,0.9568630841711909
0.18047679481298282,1.1895304546496615
0.3403385261414318,1.336044582133349
1.5366569755453583,1.2765458886977954
0.3722896170981828,1.2247503776288866
2.201217524539736,0.9593484273130574
0.6091599097918191,1.5955838092375245
0.1850037579715546,1.287346022395238
4.108914328459877,2.2033763702208233
0.7288658448511788,1.5467311475125658
0.7557290635316286,1.538693855889313
0.6782628932024949,1.7166924477094052
1.610186344146976,1.0059970062896928
4.829049327308478,0.4144595093427415
5.308978218282952,1.0859339067941687
-0.27888871986791675,1.096174285609254
-0.21731519113405373,1.192194654688495
3.2725157633921813,1.9390900432204334
-0.02020242411352994,1.3363394775746966
-0.04372920451832792,1.2931412998754268
-0.020141948874295584,1.3418585601969022
0.5588173018642032,1.561358733090963
0.01623996593886845,1.2737179178713343
2.1555390110704375,1.0045257790640376
-0.3938557270468518,1.016010508651794
-0.38973328117505196,0.9950898365989741
7.394932899580154,0.33407512443888693
-0.23159975322969578,1.1748821925618211
-0.20336004221380208,1.2643173083299326
0.1541055656899759,1.6859391608705552
0.11476977462316137,1.1408089466718385
5.099641693889884,1.335631058008509
0.39294621768378285,1.2297886428128841
1.2228223360638013,0.8627862917527078
-0.34493914243393076,1.0784666895088517
-0.4351913165469962,0.9281969275767161
-0.3832521331566237,1.00927819761104
0.9680698698633021,1.0624352343720498
-0.0765140168262547,1.2138391904430708
0.48520640175668334,1.216700281743862
-0.08863222001370925,1.3052776776118606
16.532759792475908,0.48797741974829395
2.0146624912246263,3.4386635560635437
5.8043351486456825,4.5283235226375895
0.06468865722454288,1.4028435069795708
2.332095419277581,0.6817013601513069
-0.2378787849608269,1.208718327231243
-0.3047543000661339,1.151744742369756
0.37088346551500556,1.4301400265062238
0.5637757549916279,1.4188930634601118
0.3840920873953459,1.7709180616286035
0.24580278942743639,1.8284233552228717
0.6542860885837706,1.852397218574035
4.844300461264859,1.036601104178972
0.04340570903430635,1.2340453634664885
-0.2761051618938189,1.0654715576208522
-0.0690474825402063,1.0157432709693455
-0.382723239914172,1.0115394556121107
2.3742467526866746,1.293513137319908
-0.28014184897187716,1.1048371766678968
-0.312767158266434,1.1561183176508332
0.6453527516148522,1.2625406907860433
0.6115911455009558,1.6531425041286365
0.5002686581497509,1.3851997025909888
3.0776889950748396,0.6121760204394351
17.17948711620742,0.4688996492839194
5.573630354436195,0.6652633261674619
-0.4430072003855591,0.9740945792121667
1.3601006778771514,0.9457606834884593
-0.2257527403513931,1.0290329510661134
-0.3201710942061246,1.124869528414457
0.6021509803305881,1.3700190523615825
-0.0011998139139626734,1.2982767619347322
0.12241393113075594,1.4561201133799049
2.6026467022806035,0.8759419027723071
-0.2882995312542765,1.1055999033170028
0.5552187512523851,0.8989310882591048
0.5604732912173662,0.8438588000932632
6.681614539065171,0.36339445659651576
0.21477452106410147,0.8018263048038436
1.8623033032156016,1.429124852420026
-0.12132663123234605,1.3490144399015107
-0.1557972010298948,1.2646294826977897
1.4123690870382948,1.102789701914572
0.5033451585467661,1.0200147776023802
0.3653664940861958,1.1513758248854387
0.3893883285162165,1.0758061049810155
1.5179196012822733,1.2445689951003271
0.2695677677734837,1.1365832653388073
0.8675929273895006,0.9941146121539542
0.39533709564610875,1.179804106512762
0.694382682916729,1.0940618559550852
0.5701157647967494,1.1393174405783797
0.7246292483341336,1.2571712006807394
0.25353277981502964,1.1375588572989126
0.16204026030395008,1.2523512415743727
-0.13971333790017118,1.0633292710921551
-0.11570826727158232,1.0861231405313159
0.5484429926172844,0.8549375119051781
0.1013707670691091,1.0751945769335247
1.8601949716216626,0.7157694404397908
5.310543081282892,0.4624684323648013
2.1109561434452164,1.6252901846772705
0.41038209419863575,1.370810890516008
4.658047801334535,0.48437053137676644
0.4413582918123745,0.9758422119372349
21.395101968769314,0.33294090944891763
0.2935709485602168,0.912197763745272
0.5702753673343739,0.7447636493865213
-0.1272375072589628,1.0777099115011317
-0.04607166974799757,0.9777370424833894
-0.10190468899290393,1.023697859032125
3.414169517334374,0.4639112367709674
2.8393061475426884,0.5347665342286716
3.8352761385776413,0.6272465701646024
-0.05393106713127192,1.1332966414950674
-0.23171039987635858,1.0121466647653952
-0.2519591985554497,1.0087363919153602
-0.15044747255958346,1.0261664802783064
-0.16583736265310237,1.0071781473076484
0.3757123558425844,1.3830775201881924
0.3746089519458828,0.8483570289126121
3.037572195016934,0.6855543701711047
0.3357272975052512,1.210803239250474
0.37078467331530207,1.2259310907518828
0.9244434047654588,1.0528273723822088
0.07432495848149677,1.20939051464511
0.16693401181079762,0.9313899346165279
-0.2513446888425312,1.0124546438653435
0.4770306392918698,0.8331131454417648
2.944790772442353,1.2792036989471989
7.559054085227009,0.26372052389360423
0.4506433861698768,0.9813872669812511
0.19256776358266814,0.9803370930867643
-0.16920552933945865,1.0426177139091954
0.2949666745867815,1.2443117852608059
0.1500405298879034,1.1971231338714345
-0.06198030705436246,1.123656898638668
10.944498688354637,13.390637744156964
-0.13362405506577915,0.9873659910961798
0.42406802970689056,0.986498237453064
-0.2714469210310891,0.9581162745206463
-0.2905069659876649,0.9798649783970471
0.0945158056546902,0.9250629473367769
3.7103247171702565,0.4084279987314376
1.1326279890789013,1.2265546280685717
15.04074535639204,0.7181984322585792
2.5196377871086435,0.6669026572255431
2.7736578437553128,0.9564582075429462
1.7984217026415268,0.7408880464170005
4.327766647396316,0.5322051633376667
0.3979382924945642,0.8137519889402545
5.25436137455152,0.34524118510334717
0.7249015611795652,0.7415542916420219
0.10072465729338853,0.9395053872793804
4.831441688117518,0.40466506078863224
3.969372481819364,0.6488605242183858
5.4203334190186565,0.49002175092592576
4.768347352504786,2.2071844000693757
0.16492820386416931,1.0641962274468866
0.9996472906256973,0.7719805687800014
3.213297970763019,0.6628736954883949
2.9854172520281606,0.6315511020895163
2.7299660153781464,0.5976843830493064
1.2076517648654845,0.9995189990119442
2.2196277360314633,0.839828387216243
0.448015498842817,0.8799147969593989
4.179689567921417,1.0825669542407743
2.0910026795052197,0.7131771165041524
0.48817420809887413,1.0074167645441143
0.5666051892977242,0.760544209204701
0.46872209254767805,1.0963362645945904
0.30695803018088896,1.2195198195649524
0.3086010049753106,1.0304108619229555
0.09077274987345554,1.1030873599037194
4.59137553514458,0.2859954704856474
3.1279303819557724,0.5988162607885665
-0.05904885640406129,0.9636699241221683
1.112351816851357,0.8344343981837844
-0.11576772390084288,0.9424080397220977
10.618533545454586,4.334558567269244
0.03994763238557403,0.9994172462870067
0.20000013940139666,0.9376911453880836
0.33784248126198696,1.176002813348277
3.096774823831149,0.47434940015874594
3.5742436462871936,0.395420517673785
-0.11197630129404838,0.9280746138465213
-0.21460056138745937,1.0220413322083333
1.0340698430298678,1.3711054121583948
-0.3376931357296004,0.8840244924525804
-0.22311048311748802,0.8652632187587357
-0.16422262275198962,0.972769099374355
-0.08383441394296068,1.0075179446092846
0.20693059521031276,1.1613234577834075
0.21468809195147237,1.0776405299644092
3.127967271945944,0.7998251843637368
0.7482034073524588,0.6999980508396606
-0.004851738598124858,0.8935748700362037
0.08420362496620112,0.9656466702050565
-0.10404066272326795,0.8777732400194075
0.1348726857917715,0.8456422602327078
23.633010382474502,0.70578172760041
-0.07354931499236222,1.0279573838168212
1.042392369165752,1.1835477243259853
0.5178799829659773,0.9364702564070971
0.39726365055449314,1.44019233135429
7.327441255840248,0.292088621167283
0.13452084846721477,0.8793536565227871
-0.023166111761869643,0.9275902872773459
-0.02028344109258629,0.8451946459333821
15.395771735866317,0.25728556915300876
10.945638255886713,0.1527393236619901
-0.3146885169270799,0.8604101039609868
0.11912505922445764,1.0286396232000588
3.387829708634187,0.4129782821203877
0.24417948669498538,1.109172323493847
7.944573139160309,0.1986637744081562
11.47170925004484,0.10098205352666358
1.297423718770252,0.8382553886413122
7.365128411911031,1.4516284421929224
-0.3498342815722068,0.893420962674909
5.5248349366831615,0.5656176054985241
-0.33807035938749397,0.8381168807741195
-0.19589293251944148,0.9985779028880142
0.703696296442054,0.9263812805987235
0.27015845075691863,0.9879776153041905
4.344820881647885,0.8004712822534585
7.867789512217794,1.3589472129240332
0.8685859820892654,0.7688769320251742
0.5362827792500711,0.6529139404373815
2.2820921497966284,1.1390889651203555
3.257882370474818,0.5212441941991184
2.203010922745487,0.7545507937249976
6.931796307833117,0.44825601964529915
24.427910825790754,0.5350944743597786
5.53371140946285,0.22472005014840257
3.265746151105921,0.696379760355866
1.9921529865156182,0.8051012891904843
1.2820847550117989,0.8299839874187085
2.0060737296044056,0.6978241910947578
0.9578429019870912,0.8543853605901943
3.3756302116025325,0.6079572878499312
6.4650176667022246,0.5228261008039524
0.60269708391974,1.0153743041443786
0.42808630697042865,0.9445366694726444
0.4074825803508577,0.8998398605609922
0.11778864209854173,0.9558105574544654
2.701331247992332,0.6590350230321941
0.3692185482488821,0.7994046073128854
1.257377071997841,0.7734722382794307
5.212783440564653,0.3972058623069431
0.6347268101685267,0.7671532139608035
0.281741285266827,1.0179306707502824
0.4528022135079261,1.157728074329279
0.24148377172542357,0.9256851049525844
0.7934112136766498,0.609532884848612
-0.19731312723575517,0.8504479790297907
-0.13574100860411925,0.9272067886626714
-0.18549577864085004,0.9190806185498946
0.014114650488277642,0.7892045512506516
-0.30094767041177567,0.8954219304685134
-0.17184240057372285,0.9553826737087301
17.011850024109734,2.3335429668225993
0.3703899049026735,1.1212179218899745
0.04551474564533312,1.0279062932378542
-0.3448560112965059,0.8441354875200772
3.303518675275744,0.7161683843141733
2.0930630638832177,0.7697610023220585
0.6042439492358972,1.157662322680016
-0.22114401831836833,0.9923696054712515
0.4671258171767005,0.9127524121851137
0.013136437192344082,0.789831253287715
5.618678402962945,0.20979171666032467
16.967971380317064,0.9168405047825572
0.704226208319469,0.6697796991048781
-0.16107511800675797,0.9218215449989899
-0.37129023319431426,0.8098903580488879
-0.2559674620887781,0.8894494262628193
10.63042723524549,1.9041336951842542
-0.21074613311772886,0.8583657713277973
4.846489806214859,0.3479055282711008
-0.353400940520485,0.8290882665158119
-0.1261406395494455,0.9537897982379557
3.2647431903648787,0.4300594235546753
4.393222970399134,0.31799279969205385
1.3016921498114427,1.5743456281713708
-0.02814703869205657,0.9168184934382907
0.19321236070827555,0.6894545145129815
-0.3623780143834505,0.8390518965532056
1.0513072032309905,0.8847860044402369
2.546917553428924,0.636490273266931
3.0113627552066924,0.6966525659447703
1.24154930337471,0.7132106193994998
0.44386812462093445,0.6706871708016029
-0.15416838634976346,0.9034844392164291
0.07632054539548598,1.1393532737771634
0.0523962467706654,1.012884691584179
-0.35237982120847283,0.8000895925683499
-0.41087985187869835,0.7884649358766095
1.796016449272422,0.8727239305242357
-0.3036936136144973,0.8631013698641863
-0.18124472620027543,0.8419459975518904
-0.25482729962128153,0.8769970369616644
0.5916420171408946,0.580091518678665
0.5545322138514188,0.692510121191523
5.588481500870477,0.486406262224451
1.6483710046778521,0.8368777400854702
2.341588586430298,0.624627906545179
0.1353394597558937,0.6951597913607926
1.366902788212289,0.709806972708312
1.3803047229104703,0.7913543223423125
1.6868255050785552,0.7449504028107655
2.2708825770846817,0.7795781224072766
1.1522156939440282,0.6404808443372801
-0.1856241105461567,0.9489601309851174
0.9509160418574145,0.6847624732994797
0.08499972989837591,0.7907966322372987
0.855190363708484,0.614933537350751
-0.17618571693569413,0.8567428711296264
0.1608429584153851,0.8432180409166516
-0.09932224660634295,0.8902804234452543
0.1259458475113233,1.0115161706997315
6.378530112513249,0.9738550392954516
2.9496845910183795,0.6408303454807514
0.24218323101248557,1.0452438630049825
0.25046682112910024,1.0078454994102992
0.27561957687921584,0.953729938645109
0.3682698749591823,1.0690652839512726
0.9413397393243315,0.748565091000157
0.268182645232259,1.026552707110632
0.6112945430853206,1.047758035652893
0.6577932220845825,1.5998854926767185
0.6882591958884079,1.2910237939927012
1.4760091147168555,1.488601752920361
-0.11657259196709799,1.0703451979943277
4.365748089856872,0.49884012117175675
0.7437119815156789,1.081402021835536
0.008054400877084804,1.0154937535255808
0.1941807546258442,0.8793047889281752
-0.04080494574387029,1.017360783644365
0.18648676214641802,0.9896978637229986
-0.0284361499074949,1.0216290440887301
1.2101693977600103,1.091653144795843
-0.0035684169853554015,1.159234622615259
0.10099224637867812,0.9826998935497825
0.6485861219456694,0.8075900177394577
10.480676657982555,2.249828619119213
0.3636185722159718,0.7548731090752427
-0.26141708705719574,0.932251032786656
-0.334389822588209,0.8960764257194296
-0.14998491755349866,1.0405039489786339
-0.09114047939580987,0.9744808073494464
0.2565135995884175,0.962733881310292
0.654347152253167,1.2920221458558698
-0.13892694648730244,1.0343314286897238
-0.2946391820749667,0.9508828962491437
0.23126366277300658,0.8054887596679975
0.41017111086597874,0.809894360353806
0.8889309483363338,0.7603051209063165
-0.0676739811193305,0.8890063341224618
1.6550412717424223,0.7083570189261353
-0.32634596036898417,0.9710951890708363
-0.20574443167450868,1.0938009967486702
-0.023303355560423268,1.1819042908302442
3.3593475270225626,0.4359251410475287
0.2608787492576709,1.1441266657903946
0.7599915949002728,1.2892029230022095
6.556371447482217,0.45563944602819556
0.65307037614134,0.6221704097044228
4.393712106985676,0.3814289807968093
2.8303015692791305,0.6062272890086268
2.0187324071747463,0.721696243997455
17.450366515230588,5.773769291013669
3.2554841193156423,0.5756952511359728
0.3456892211612059,1.0098286579670233
7.011319561388539,0.6489440157211102
9.219689761379936,0.58070174219834
0.01980746007371922,0.9156096234218375
-0.29960676541356335,0.876010083698222
0.13763320363479062,0.7836842945912998
1.7906566879148051,0.8909466497725256
0.028972738045035733,0.7902502057766528
2.3129011540551114,0.8290633922477573
1.3264102267599032,1.0610025472825755
1.550470178493982,0.842057374861401
2.2362730827548547,0.5950656722607148
0.5529841301156387,0.7908696090712191
3.91045100161016,0.36783814117365793
9.86440580022376,0.5774708960716649
-0.1764723665071883,0.8516639579769792
2.5714674900843604,1.0890235489909557
1.7727132975557531,0.7274207302754294
0.1772773415320848,0.8765093030768465
-0.26679186675753985,0.9951439817262384
-0.1456899399131761,0.9816522477584735
10.492360686398552,0.17362784118252336
2.700751277603118,0.7573148370564105
1.999459876724587,0.6129686743466224
0.22418624375102952,0.758767492389477
0.9242299841638848,0.6575794262702667
1.0314809882627536,0.7941033797607681
2.0319052117930507,0.7248987706201397
0.4124262703439915,0.776913809979403
2.1448771280066214,0.6831135635175333
3.3069522920725567,0.5214551566584986
0.395684602269816,0.8364155434862033
1.4317856887645892,0.6670713349287759
0.160655538469491,0.983694776343527
0.5895116714028942,0.848154685412817
0.17260522688944308,0.9714890345880673
0.17340083981376211,1.0445138119217512
0.18248624666989496,1.1926156312711123
0.34997213935155314,1.1627021352711258
0.1107809676889577,1.182070938422772
0.16115012547073573,1.0222779585360067
1.4962485068383373,0.8354407887509281
6.3149869722578424,0.514070818292869
2.364882515501293,0.706595922395416
1.2214702320308801,0.7780286350465258
2.9624877824964124,0.595432992696387
-0.12541024342180937,0.9927970185598947
-0.10324716180080688,1.0823787679170456
0.009508251535471007,1.2320155722504775
-0.07338057163384762,1.1767668629283694
1.3357281727082455,0.7861516150478575
-0.15126850942534695,0.8161212748921718
0.5070655851896554,1.0860462103299593
0.06061391098625192,0.7728434346277429
1.3189255774848307,0.8005468861733855
-0.05205262467824359,0.8700744104372463
2.07701116505503,1.5173885937095435
3.1063235034700116,1.5833212885537413
0.8867707172852672,1.037949865876107
5.665358443537668,0.338427849807695
0.3585675694209428,0.8143483326659233
0.22162437549027325,0.8138037169023864
0.16590645315350766,0.6859286621349789
0.22099075992392087,0.7094196025603154
1.215481395778369,0.6415068416551188
-0.35895586717572886,0.9019422705895752
-0.060781535317035895,0.9928631341019868
2.139364699144745,0.9820540001488121
0.014338527994099756,1.177943558538743
0.213000280529633,1.26385658148777
2.045676651933918,0.6282483040799232
0.7950115206345657,0.9156854900263852
2.278604768475789,0.6020647526548312
5.750893596231939,0.4196866069183348
-0.11997834262990767,0.7947150240374006
7.33551064791574,0.4153446258936473
0.24980337410182513,0.8159798229933019
23.792739465515666,0.6973603707212555
1.5941047477311405,1.060094552270318
-0.18459598458109452,0.9202094944505465
-0.17996191923852772,0.9598000014560099
2.3730521415655894,0.5446832103477081
0.28793389143915515,0.8735331006951103
-0.15149642320272758,0.7599439418926119
6.276850658961334,0.40722282811092525
22.99294478330369,0.6180895895964343
10.281906559621222,0.5346495332960457
0.02091813673124166,0.7927883636568329
10.161813049518312,0.7769502793888673
-0.23821979898716839,0.9527500791542876
-0.2833201686588113,0.8722310099624025
-0.08366682197676228,1.0952373307922556
9.959673861604585,0.47053377719119216
1.7353715534085896,0.6108271151187997
17.65684666131883,0.3275756808573657
2.612263989058204,0.5406716170241713
5.227065076986131,0.6085479178199322
3.6429874674769946,0.40117193183697547
-0.07707818833118284,0.8163963795932843
2.34660820521399,0.6520794779681306
-0.21253917437832537,0.9676887173254007
-0.07971359358047485,0.9693434067456649
2.727537567452792,0.543553664771978
0.07178927312315651,0.7925769552527915
-0.3255616648422597,0.8701563346771374
-0.18746257477636213,0.892756951710111
0.6659981109240414,0.6741065871001741
0.10716722031081219,0.8509102931854391
11.219164560312262,0.16725486148398344
0.03626328830179129,0.9846686929875537
0.237987967523156,1.0958374826049162
4.886936305083654,2.058193778779135
0.239625837997772,1.1253138695949543
1.1553102343617352,1.0736350071784648
0.09871224857726639,1.206630346009827
0.11372271768427933,1.1905972591154588
1.2943472877420594,2.1463981273550514
1.290235344232124,1.9368100514116047
0.2586428289133586,1.1811388980901962
0.07281994607273912,1.2596038255835933
-0.025366060042078985,1.1591757699251242
-0.3995042901555655,0.899065211712186
-0.2345858858260501,0.9973870847989408
0.24698543214674443,1.0640243995196095
-0.14725906995120758,1.1179103919916424
-0.4402948417744556,0.9034216047217687
-0.3458941794394132,1.008264838270549
0.39727726954260895,0.9327595504120516
0.45770478305932205,0.7801157849948391
0.44304699339467435,1.0095172097636946
-0.12437376139696918,1.0727082904550316
-0.32588712808956116,0.897472237242189
-0.3618205310857562,0.8857385120742562
0.06389880459197989,0.7387292523827169
1.5794702486802654,0.6722580958728758
0.9786879471246387,0.9881681841873499
0.024601468167324694,1.1882880789787642
-0.09803123091842142,0.9436482597949568
-0.13868472871826423,0.9502426139080263
-0.12725507643314712,1.1924228643661166
1.5761662455264207,0.780916751289045
-0.3605115104119276,0.9023311178239979
0.47320032873175566,0.7065914655151508
-0.508967845235625,0.7950799989782326
-0.3728166009233009,0.8701548228634569
-0.4359148611257976,0.8951095368268245
-0.2068020643784997,0.990276774709077
2.9472699320564955,0.9580137433776699
0.7575943672004188,0.878410107721831
0.015970270728354895,1.2073383729408074
3.5298298355455238,0.4169009806781715
0.1806316236290503,1.436649705715838
15.243453239547872,0.5027333034582766
2.455535289200693,0.7368734706461751
0.5432923410905833,0.643334399241352
3.7036561944022677,0.43398470683653717
0.052222020991271725,0.7195776307253151
0.19974658149710262,0.901972997620725
10.683026665599495,0.33841317937596316
-0.29127015922504723,0.9130111374669523
2.657080196161858,0.6181106576674794
0.06564326206871554,1.1549023211535077
1.3651198324398652,1.147164239814301
-0.4183661037518693,0.846674808325145
7.766049595567052,0.42536668500654295
0.889153113078058,0.6196234644888143
-0.31346140045966975,0.800058358733798
-0.1017211175429366,0.795956126692587
0.015653116961630624,0.7497493820856108
-0.22886622809328325,0.84258367421626
-0.28651935652695165,0.8819129723309681
0.06319206258638568,1.1339482437277386
7.797591669533548,0.6206874246697928
1.25113346681949,0.700458912710428
1.701884132617371,0.8007259688472855
0.7955582084762806,0.6464728749614768
6.3797924556486025,1.1115947600987357
0.2275274466247518,0.7415205215418096
1.0169586993229038,0.6270005132753004
6.103502358848453,0.2711328799945643
8.408404170027762,0.1751627782792578
0.4667262228527486,0.8159981774069135
1.5384970402538782,1.0493863849294829
1.719321393112001,0.6501673680365987
-0.1823322110569795,0.932358073237174
0.6376921752559982,0.6455656350242688
-0.01849431692392382,0.8893867917604485
0.36806246306338863,0.6268797267054116
-0.351657229081536,0.8835809681275254
3.4647084227281417,0.4698804520930432
0.4964325509015726,0.8027623119977576
0.042284075882442256,1.1084092413230906
1.3373762933476046,0.8861510560700093
0.37630630505738755,1.1100661081010779
0.10894113045680964,1.13553886724785
0.13998781089413065,1.3583638918752645
1.8936394156697272,1.1455177314492004
0.01452948399519135,1.1772644605935731
0.11736163816247985,1.1934761212612892
0.4443968473139905,1.2923233022130232
-0.041513607242850865,1.1847680121511763
0.06251899881779371,0.9853686066889564
1.0467089232718203,0.6541150182452247
0.020110258775721482,0.7821935058768875
-0.3433039186084069,0.9954531532821124
-0.11971599529804824,0.9457053105637556
0.428541201715981,0.8525569425613602
-0.27210002847530373,1.0930341586268435
0.27029836585985445,1.2142933750478446
0.28380381730605647,1.3128517601295475
-0.04376253184864666,1.1905522354920994
0.7606019518107627,0.6510081363700179
16.98872862178583,0.19513173496326205
-0.47125084596280736,0.8524404561567057
0.918311970353805,0.7718095053486073
10.954112399970885,2.5757210076027413
-0.0074312033790960505,0.7926194076158872
2.760691814903828,0.5890962352647579
2.30187756331406,1.0577238290170219
0.9253588783078802,1.6123386778951563
0.08045131188659484,1.0734439993645204
-0.39804726347374425,0.9255938262352265
-0.46416925181747615,0.8091845758426519
17.07072625038675,0.4550738262064231
-0.3940672748504462,0.9228819549653984
-0.43459186037405306,0.904048023520605
0.07265109981137917,0.9204737227185147
-0.2896106358872572,0.9404540083055446
-0.1407245389243917,1.089877768922663
2.2816612468345516,0.9555761866584555
-0.004063969811172256,1.1362932289226084
0.358945572873493,1.3299977231711586
-0.09229983037687778,1.0434760824365248
1.8610122979706762,1.1041741507565195
-0.48710682140958494,0.8024221690927833
2.0475805968512955,0.767738134414668
10.640886248658518,0.19637157971648592
0.7118116448620144,0.6223684726937689
4.822601959674443,0.7888059852296582
16.044517168614277,0.05668446774371623
12.293829802297857,0.8356845882971716
10.441893222677527,1.9460599686223157
3.7026454040007164,0.6060465319436438
-0.10468101540251129,0.7577617412860936
16.903521363626115,0.20886505229595545
2.9835662850242195,0.7488825213236261
0.29012563913297446,0.6480186829682414
-0.05717078124478756,1.0706654812001168
-0.49927303864246403,0.7912905122919474
-0.436169437435166,0.916964375320732
-0.18669824853661457,0.9759007106997191
-0.1170263640521208,1.1826598236219736
4.4282457671920765,0.43604969606170246
0.4303681797768674,0.7284796100262433
17.02171161494957,1.5408950608117253
0.6732194125779901,0.6437151211075504
2.771035234706494,0.8545059322185679
1.3153228012169023,0.6477916777321092
12.276430513356882,0.3622191451939309
-0.1958201927503164,0.9564049545732572
-0.1110954078199107,0.8485881699748683
0.07891351654370811,0.9735739843199291
-0.31728285845498305,0.8613859931568743
24.03964936672129,0.7315243463700315
-0.42056200801043864,0.8209448018677317
-0.24799393172414136,0.8558017881897874
7.239738344036734,0.5361933175657234
4.434629436822121,0.4360609694501077
3.6696888917856234,0.6141455265572261
1.1822177724145337,0.7569497918170156
2.7758757731185644,0.806253746937433
0.1318804897654479,1.1801476303172687
1.1090343016164312,1.0757090549355393
1.527531752940009,0.8192890365705564
0.18624073007822464,1.3031902829982644
0.11166228384964454,1.2750810281635365
3.1615977137298907,3.8492925685777806
0.7723593826086045,1.5846223471090322
1.460687261229018,0.9824529190871886
1.7100969446029952,1.131117029011019
0.042546954440086666,1.2559721990208623
10.689719126698245,0.5812740007999703
0.015663919999816943,0.9810125121337229
-0.12256242695307563,1.0730312252875103
-0.1851756112625287,1.201828383686991
-0.11930839406494247,1.2347143980456243
3.718639082896351,0.8007656750091611
-0.06500923380008693,1.2784664462190554
-0.063843001931333,1.350928022332593
0.2855578432492318,1.4925978458543248
0.27743761439915915,1.3866686944760678
-0.3949413256974724,0.9989288791648736
0.8404273322596046,0.837100590662517
2.813303395074063,0.7959544071248223
-0.3369697209462575,1.0820503418415024
8.385700136452868,0.5166000975516417
-0.19586415753101177,1.0891937098541384
-0.19282022491783796,1.2408540159967465
-0.17689088351309673,1.2701880618898789
3.5931909257427614,0.5795026203311835
0.3205109271762624,1.0705238179072747
1.6404423612893162,1.067569572441527
-0.4421686703969379,0.9582922751244233
1.0121785044241491,1.0835525493622025
-0.1871242212179706,1.1848126027457517
-0.35718768024294095,1.0085066896999415
16.92688062558601,0.12969381963574747
0.12182174535595994,1.0485580886221832
-0.2638061566925918,1.199316877376303
0.23149737000842077,1.3767657040372019
1.945771188154332,0.9006331647927435
0.3353003261928059,1.0089558186494947
1.0934974093105962,1.1464945753379476
-0.41377309980406546,0.9845695823993484
-0.3019469754874165,0.9769701729296617
-0.4236877763370531,0.9575649201950709
1.4791988426249782,0.8865522640179676
-0.08100751610774733,0.9329512290750971
-0.1943555148444149,1.1178832495908335
1.0498667052434616,0.9659304070128595
5.0822060259005255,0.7596015199743841
4.513981911629419,0.5728961102065674
0.21781899133674198,0.8520215066245452
-0.06535638528736365,0.920287916001195
1.0666350231864257,0.8483830201248168
2.2598296389354267,0.7042059418357104
-0.42219129127865723,0.9803422857338384
-0.42773250733833573,0.9662016370710883
2.453175927391556,0.8115001977151711
-0.31740946614245164,1.1604577206269848
1.9548262607554137,1.725426595943099
3.9343516512573253,1.3010172609437891
2.245461412564882,2.0872343265253814
2.1166900014260075,0.7373103944735805
17.08412503968779,0.2822985540234594
0.6736263760435982,0.7276702910783539
3.034794447316187,0.6814099108414565
13.684946103932962,0.3154247388553938
1.2664319345823025,0.7766560130202546
3.0812551626682247,1.03236339923451
5.227816380354089,1.2339135685333897
18.460374810953276,0.18052927863613666
-0.2228097463434837,1.021830846245907
2.193576047417342,0.7155934950606098
6.419675776917064,0.3420254927034859
3.210359167603635,0.7065970817525753
0.386268487819538,1.167148272200909
0.6230611011668151,1.0350865527308963
0.08168609550046199,1.203919236435513
0.16074274705248076,1.4174841511389829
0.6203503091110647,1.2175270953196435
0.321955495641016,1.1111616389898413
0.2837918794050417,1.0423164192129448
1.2576180580564824,1.483735224824295
0.6459385332590976,1.2088090571748715
0.517554494269729,1.1542025314626312
0.47825416139012383,1.0816005009705
0.487191228625438,1.0670096377976943
0.7715600401963327,1.2143981822282153
0.6099498863694893,1.2596632987583944
0.1194472669476225,1.105713948409802
1.0659720926529983,0.842289880393339
-0.2500378614504553,0.9821621346376469
-0.1729269324399028,1.056743336436592
-0.003380029511050792,1.0077750013107787
1.3051737311866252,1.42563410677953
-0.12028884221164841,1.0638182240617968
0.3021686571214368,0.8372351156238174
0.4904285332988035,0.9352534146420582
0.5618145203146611,1.2657963300423152
3.4609883987998846,0.7854503364856203
1.0048186666883034,1.296162453061516
-0.2282641246339366,0.9808815681722042
1.5814094579646067,1.9527469562486195
8.94892716857604,0.3113982606070006
1.0074892313187158,0.877813736225891
0.8868956557199893,0.9553097489400045
-0.14485079508770723,1.0526672087892368
-0.22152300489760388,0.9793450664536055
0.3388395588773343,1.226877042881645
0.15507067706162914,1.1969634600681935
0.22702552580276106,0.9896234362555567
-0.16953913097324472,1.0554175431757729
-0.2977539438171791,1.0035304308799389
-0.33374320199861796,0.9896644014969754
0.37469430231137846,1.272576301686009
1.729786536034203,0.8252840494906963
-0.17407860321837643,1.0424667861698342
8.998655029504784,0.14504606141265686
0.4242097618077864,1.0854099431303863
19.701030510786637,0.1981484834291812
6.042868146202078,3.9589360193376013
5.4434028748041055,0.4900934520823538
0.6561120829656809,1.0367304971624722
6.525452437210084,0.5015477560909118
-0.15750360214751166,1.0544432891534745
0.9862444036099617,1.0733562074931786
2.2670879033610793,0.9473800638566874
-0.03139826350034828,1.1620094987820628
0.02456143501425797,1.0846612388167312
0.4868977418341147,1.2446288253733127
1.309724453642999,1.560317900172312
0.29104077588668353,1.0965194889557954
-0.13039829982451923,1.1417507227775139
3.5730909969617057,1.0030569552430249
-0.22785719986409503,1.0261378354867883
2.8171237981589066,0.7618317480636909
3.7167643804475934,1.3466902980268085
0.3310721727916445,0.8672809695426897
-0.11732162930875248,1.1040462024817685
-0.21022176163032685,1.0570622802343628
0.3203717375117701,1.1657723947463074
2.7126729830833094,1.0144246556283016
0.8724180194753173,0.8673325101617984
0.2059976734813537,1.101725656526141
0.25280035196561695,0.8835628587136423
2.7545667927702566,0.7211088769013345
0.5264043985240191,0.7947536317222575
3.6302439036208223,0.7394833771731918
-0.18032759923251818,1.0278109761297511
-0.015208864991182455,1.0714152993607498
1.607143170397964,0.7882687469659031
0.0033704704254705854,1.050587930767198
6.8355722899387,0.5537177213407508
15.283447684018261,1.7297636942706227
-0.21491065467090867,1.0073976498869426
0.8030483432158532,0.8792980262604464
0.20734726172218818,1.0764501107329076
10.893053987812252,3.082796371351007
0.3341544295026859,1.1035772722764252
0.4663740090957597,1.2113304590172598
1.3040236362408204,1.1684267446526337
0.9868034961868797,0.8992923922604454
0.8313532209411123,0.8022990198771993
0.6105313987604675,1.040549427451527
0.6964427224142066,0.8568385345040718
0.3135631141003535,0.9751859341070163
0.24972161476210378,1.1156822281811725
3.3018705567733564,3.393462834330978
3.0486957883458503,3.1947896319025233
0.6883770340688453,0.9507069295123944
0.4690673546796338,0.7307127589664855
11.374461594360184,0.09977969844662911
0.02655299324823647,1.0394659488868938
-0.08779143156877482,1.0432324211050121
-0.24593127591981365,0.9684178125431105
0.12842456566124316,0.8626130390578167
-0.1488322926886971,1.033583440737364
-0.13235856619876527,1.0000454798261809
0.11691580895459044,1.1228218403151495
2.9578138336109383,0.7352398849300016
7.262556432113288,0.34680470487400533
4.279857602104234,0.4802447852551592
17.052954404413533,1.301972645971362
-0.28004443401637297,0.9785671206001809
1.1819094648365238,1.090815295262527
-0.042696823714390125,0.9312872495360195
-0.22916774030920659,1.0506433181971284
1.4901874365841103,0.8380849166559357
0.12416113012296748,1.0679343028536454
0.667924259380734,0.9331525045861394
-0.23844304374370648,0.922753567355805
-0.25870609978754516,0.9421860386815066
0.1293295931498726,1.3767213718550086
1.1344250048477773,0.6667920862076283
0.47615459766349666,1.1332880448537548
0.11348456485801256,0.9687030669347109
-0.05923177495095546,1.1287929066820266
2.089072224381851,0.86103189959262
0.4825777254662718,0.8768131886739474
10.625656478461087,0.28138685481171416
1.2755379085673682,2.6443511321006508
0.308232783873304,1.0508965770241916
2.982048414265254,0.5142921704927065
2.4985675244178442,0.6160982008512222
0.33379488059791634,0.855741936741141
0.05993942000326576,1.0305925244259104
-0.20203898276462495,1.0460496265682913
0.16355577220147802,1.043259269884423
0.07587493062663941,1.1569643476521199
2.9508206569037694,0.7581920560006119
0.48678578324342897,1.4181800713725534
0.8646603595828904,0.9361156506496369
-0.04467657264962574,0.9135573918877575
0.01788967735244415,0.7909854564964891
-0.26882561265802246,0.9277715617657786
-0.36007135484679265,0.9490529252083268
-0.3257511345529829,0.9299901874620365
-0.3223235076906049,0.9215453007580605
2.658809014984468,0.7013167710302678
-0.09023764598304763,0.9832430062423276
0.3298994632169567,1.022175737513088
1.5395247307847009,0.7018224746566448
1.0399552751023116,0.7708656194199143
2.9934941687338257,0.6954380689220997
10.92940438799047,0.5434549849717744
-0.2471415803885908,0.9681714123751518
-0.23457122513234552,0.9644765021230322
3.7012209168433956,0.47984245158612227
-0.0609277154133268,0.9951318804939899
-0.19543653576445297,0.9934027729895251
0.016277590552820482,1.0405294327952985
2.7609862077431098,0.8037526173444233
0.7133512282001603,0.8876853579076315
0.88807186236439,0.7834498002521862
0.12420444617500218,0.8166663543317974
0.27777159175321464,0.8688311556001156
1.3894495890247747,0.6754059879753342
1.1623881175332582,0.7573979839257196
0.7499874816779053,0.7981889708083274
1.0296251930911575,0.6420177861296333
0.19939182256620935,0.8259533769629529
0.3163106047040489,0.9432910285661329
0.4789989983592438,1.0447617423215938
0.8370220363164763,0.6424918718107892
0.09641912936087083,0.9723462792047699
0.3798953986842877,0.875328823640505
0.5144203942453546,0.7371507345454766
0.33138847756028533,0.8328076786483832
0.3139756735296907,1.0628678085647938
-0.08085852134007462,0.9513781056373881
-0.3127107053985588,0.8076663040257328
5.730310064166101,0.24834964073347685
-0.3681630778422351,0.8014013769476923
1.3649326269986257,0.8666295546569436
-0.2779576918226108,0.903853533321285
9.99997046027801,0.8029619739312938
0.5490588101822905,0.7838022758381259
-0.0741671100616959,0.8564981938643218
0.34512538867285436,1.5127732289261788
16.821655489070192,0.4111620268526782
-0.3056818879153736,0.815799563036764
0.27761937076046306,0.641480627145873
-0.14113196549462637,0.8596257454366354
3.1995047629667512,0.716751481045337
1.712220158301414,0.7387955374585422
16.757305321570655,0.6160256277509972
0.32281963977017225,0.721916762803319
-0.21572916884063925,0.9431812134664714
0.10802422003289378,1.1115564405817107
0.26362058840090713,1.079116853470344
2.8405248044553906,0.7495782262312104
4.588225575723624,0.4620574962792803
0.06013261829659191,0.7471785173540864
-0.24912966514500656,0.9402208715905596
0.7317403322773424,0.6208052346034698
-0.3253085185202556,0.8907686064185609
-0.3684221938078756,0.8166003181965747
-0.2724765511234269,0.925812153937685
0.023591028565240868,0.9265642344814432
7.002887343129411,0.9839413597303402
16.207701717682955,0.39361685757749687
0.4963422716575489,1.225893311989145
-0.29214608892624083,0.904679228497915
-0.10378468726449726,0.9576186155464274
0.8331646914123273,0.6299135810723162
0.10461793135683445,0.8608883351083924
-0.137581809149708,1.048151876124387
1.2894816505106017,1.2893707838018134
0.19581528475250715,0.9244711740762388
10.45283859058809,0.6431086706157851
1.1764438510769568,1.623246534952826
17.08547088160698,0.14677542756433679
-0.00909594871069502,0.8066643440383681
1.8239901283997353,0.7789265950243137
0.587053066069053,0.6763064672477594
4.919925736217066,0.37117140921202096
-0.18742446998498455,0.9237586001555227
-0.31141074334852054,0.8543376973700089
-0.33159159199789284,0.8641359221261955
-0.18432415303452324,0.9800197717019743
0.0623766555663332,1.0643294106771055
4.883202059902972,0.34206855880168124
-0.06555124852656125,0.8501868716973978
10.760824851186324,0.18122385299289276
1.5422129825714141,0.6866563567661389
3.6466164359191597,0.9199708192771643
1.3802629825795336,0.6421897248164126
16.76769796280336,0.7243472014791003
2.627041727301941,0.816779687289671
-0.11130659417963573,0.888685663350458
1.1324235036394725,0.6479692857424256
1.4754743877958783,0.8177493245205748
-0.3717637985770334,0.8306858365567629
0.838317111818852,0.7303323198556209
-0.20138228442520653,0.8586052256666161
5.295949426457072,0.6664737620799944
0.18475715173468849,0.7224667830664945
0.3496213337384306,0.696820359618778
-0.015869239642266875,1.0077213490819386
0.22427899594915512,1.1279040029644702
0.4217099068759826,0.8373304377566262
0.4602548647954599,0.755141634547498
0.20071212024139057,0.9650295750405532
2.4064181105051334,0.7253998720184612
0.17244477351577966,0.9567621098341131
0.30554523608711587,1.05365843667484
0.33819721366621236,1.144390422606994
0.8109582981832996,1.4521866577762654
0.2794522904594149,1.1952767017348949
3.2163523849277627,0.620875258981292
-0.06859545510060851,0.8835333244396355
0.38870298984071455,0.8385120434524492
0.08619187851376389,0.8581235514751586
-0.047723490813858155,1.0029932813126852
0.9629740733211053,0.7802420746762844
0.09916439443324865,1.0298594155675553
-0.15387509399526186,1.080993363057951
0.03177277459498842,1.1534361405193123
0.3456404726315789,1.1306376972943917
0.1276970510808235,0.9086253461684818
0.10838350367882044,0.869074707600217
-0.4353352751789616,0.8376222062342384
1.9061767674796695,0.7541961902972764
-0.3180478271269839,0.8737271020545831
3.274081018576455,0.5803772736934397
0.3176605998724779,0.806509376574065
-0.16570318895118763,0.9861128043160534
-0.2806132134308855,1.0253169103424122
0.002166751941065886,1.0769574082352196
0.18759199964864778,0.7866884789231009
0.7206804166003599,0.7364238761622229
0.8849599787880944,0.6671662036283861
-0.24391490756039175,0.9212985157659933
1.2437356536976174,0.6637422223926049
-0.29348754412622974,0.8527810953291449
-0.287224884908601,0.9944604574292741
6.052351370548267,1.613733219554192
-0.25560114515974186,1.028025109947876
5.390816929490752,1.43010076128849
3.0505023513465344,2.598445007419384
5.137403717493072,5.496163049804266
1.8432226910469771,0.6723936356624315
-0.22936865950867977,1.0967738347193352
4.4241566059543835,0.515982868726393
-0.054594127285729176,1.2240137276798548
0.7179624022194155,1.0054558979113317
2.395496441026814,0.6884785353946882
0.36992679101768183,1.5769939437744334
1.0047154844456727,1.6413443439769706
2.654149820942269,1.8122534888409985
21.63341783175108,0.2644552864870232
0.14657957358434584,0.9970305104345362
4.1893044233870045,0.7947045156330386
0.4963937905198801,0.7702810449974942
-0.29839488581771234,0.9293988459570174
0.234959115219116,0.7901653812452468
-0.10744139611948403,1.027345362361682
-0.20791028466267986,1.0177804431973612
-0.22682422108049974,1.1712721632254623
-0.10409612036113107,1.1396081856787286
0.993893244082692,1.0110145492992555
2.9012069266231078,0.6298362219343949
10.184987901679039,0.1618886373861577
1.8017122066137208,0.7460126507700211
1.4448321877269432,0.663748184388363
0.18117459233816696,0.7576805364163174
0.8880781998938625,0.6484780453603575
1.3942131326998144,0.715962504544259
-0.23808194774206012,1.0501673248633618
-0.10276505546338552,1.0798036454003626
0.27719979594276667,1.0095007809715897
2.720657467452897,0.9124597891689596
1.9164525737797982,0.6418663283694247
0.23987676382457762,0.8603623737658052
0.4014621730237784,0.6743882903083891
10.916969533745878,0.2063412157732519
-0.22864892407567192,1.0237368729750207
1.9885754865484748,0.6934520187793504
2.09270376405375,0.6762896439906435
2.740630737192375,0.6389131629565923
0.47237531274353983,0.8858116791782203
0.7210932697078285,0.8254287628430327
0.26630095799544007,0.8412053953132147
0.24099447534691076,1.0971553403153018
0.24072155989675706,1.028551709791142
1.0289055225112917,0.6642931315436469
0.8888815459169286,0.8320728409031951
0.3547685646894426,1.06598629752696
0.49179495903894305,1.0070763003637386
0.43032041286678996,0.6918837489195351
-0.12876098882277753,0.8066192066052678
9.879525656923272,1.4133286532808502
4.028102366829033,1.2837885053919937
0.058866452828181606,0.9934246299184464
0.01969129788950134,0.9407647891107327
-0.13714193196805952,0.9258221294269678
-0.22219303279583602,1.0110613422965546
-0.1469819407834125,1.0503770313592424
0.1211133819437,1.237024171875342
14.256640943083337,0.8132999600999214
10.626298368642699,0.27064608250563466
-0.3279366480912349,0.7994227657574134
-0.30817875595966526,0.8620550926923192
-0.17449535675728958,0.89725960614911
-0.0812679975761459,0.8008587115626393
-0.38847103432157015,0.8054407270824472
-0.43596499871626526,0.8805939846535453
-0.13908409318828663,1.0673212742827183
2.5111804090344885,0.5431614061451109
1.9836999561401356,0.6497071418074443
4.8890062470420395,0.4611861514409312
-0.10745473949842589,0.819057675211755
0.09450301296002184,0.8198236365330318
-0.25289164328160907,0.8775888655475208
-0.29892685070580727,0.8807625177626027
-0.13107285277814643,0.8789243529327044
-0.366342046401968,0.9214054096257345
-0.299514549390301,0.9746306110860493
0.10953418980078944,1.0447463630504925
8.371251167655602,1.0048519929805675
4.199046553595982,3.2243968982565487
0.30269973470684397,0.8983378345270562
0.2203683488184476,0.7105489534522326
-0.10324145179522126,1.0430295459126921
0.882706225964104,0.6850331234285265
6.521024289042171,0.42388907363172157
-0.23876488438708718,0.9938579340658407
-0.09697637873800018,0.9611227430732171
0.18296727431447893,1.1090957903614687
0.3002564081983384,1.2150238207652189
0.5169337765999892,1.6172548329022267
0.06161361931107377,0.956449727979098
1.2417416251340907,0.7652244635800778
15.207552636797857,0.27162296733595753
0.9238168321823609,0.8896924111510313
5.721354529695724,0.343531629109505
3.5834390766452215,1.3758997328526237
0.6078724262724606,0.6570428092652094
0.824352659318873,0.7710679209787127
0.10265012027190633,1.008679557144545
0.5792207825146671,0.9681934485793973
2.305072746453971,0.7278157812159344
1.6159459035359942,0.6692787822378979
8.597919157826807,0.2921564780985679
0.08898128190798468,0.7700744164284976
-0.13740305545978232,0.9814335900709962
2.0300512222849734,0.6338618755303536
16.887037572815,0.12481400951403468
1.9443270839670341,0.6662995398531842
-0.17175826764987584,1.0403861078553929
1.2324497136097488,1.3329078538264207
10.554007548378115,2.4840842542037302
0.44492374694740433,0.6238021519861892
0.4796075117345614,0.8239053859691354
0.024149562370092012,0.8325672337285274
-0.2874838598149984,0.879647751099481
-0.30122559840682206,0.9599016809605759
0.0632125028824615,0.9829647169911624
0.7811032958742792,0.986018342867852
0.28862336434939045,0.9875826846610846
1.0078888521611247,0.6936851473137918
-0.02743725372182488,1.0677380040427817
0.10114235103456576,0.984021088325298
0.2430440275461348,1.2726391844562162
0.13729101337700206,1.02668195700024
0.20903116599997718,1.1481441460302069
0.28845635885270954,1.1211379175997096
0.9304176316201452,1.6941688352602593
0.322211309781158,1.4743347370468447
-0.06137898829293414,1.0824351828003314
-0.17729076340527047,0.8323204967742599
-0.4056273878848167,0.8907501436666062
-0.4200316708694633,0.8601110492689076
-0.3526373325290209,0.9207424118979393
-0.3938780035766895,0.8941322485722888
0.06893398491607695,0.7801044602058932
-0.35075460837186045,0.9288167977929996
0.007518561262254592,0.8423199577766676
0.2529911991764172,1.1356866223918887
10.517686873629149,0.17644008757139984
1.8255596188300238,0.6647732550704541
-0.4070439723182805,0.8653903089915888
-0.3096544993251002,0.7346661066813558
-0.4806299232135544,0.7981522817863345
-0.35401374979361827,0.9326961164333983
6.0045002239633165,0.31255431515036386
-0.38684167290762206,0.839355005340772
6.160855491465251,0.49069669100070473
-0.07443934257218597,1.1785926042186037
0.9417672637478928,0.7386046751042261
1.9328402900714758,1.0341295937120907
-0.5182255090802869,0.8095001407901596
-0.14813744901520692,0.9059102184175977
-0.48303202297572745,0.8300596751347302
1.0967345577881336,0.8783551472307097
0.2631758955308938,1.7446845222149674
-0.42857697837239045,0.9001565085889413
-0.3496228354147163,0.9119803260513921
0.7665657410632888,0.9732926281561635
6.359909470057991,0.269014744933728
8.69772046565463,1.0686884559964305
0.11928994764415522,1.0035845101515024
2.442745806593912,0.8186253231397129
-0.16854584199482164,0.9327128238005978
-0.2587375663873063,0.8630757739537122
-0.3876165023814926,0.9229536679961493
-0.25476398264636235,1.030828640655891
-0.3099424815715294,1.0415387930487858
-0.27579841641866837,0.9920273754065617
5.3266278624449725,0.3844683669747435
1.734568061166039,1.056874841807088
-0.17163259139833523,1.0450127127884494
-0.27255884743531333,0.8734078862297211
-0.47148740625791913,0.8528796995653923
-0.48698815268774426,0.8110196759592682
-0.41507925734987583,0.8648195075686168
-0.4812774455202303,0.8362773611725705
2.474130910843107,0.833527738573701
-0.2792293083008602,0.9208715873107717
-0.37544313463016865,0.9495007264772716
-0.23730039011835422,1.129078205495555
2.8320337330491316,0.6080361757062399
0.671060781990629,0.8445890513539345
-0.45578659547253497,0.8263721644223365
0.6744818042831073,0.6819560376991464
-0.39099893171277844,0.9104377091039485
-0.3744666391446592,0.9310207308786419
-0.11819709065567444,0.8544167179994283
-0.45398399285206903,0.8492225882766546
-0.35084987738835327,0.9171785021195549
7.26448280376666,0.5551284258100954
0.8190964373301024,1.2579449161300706
2.675573967756593,0.5753538922042117
4.432059718875319,0.5331781057341834
1.322681957266296,0.7776920678822394
4.641133733592723,0.4291977094876744
0.49027541802100827,0.7495412923911179
1.5667725096773775,1.0329546461823496
1.6340720243494624,0.6773898481495644
-0.042232605441082136,1.0965676064661332
0.013596895989343405,1.0682202687774567
0.12058352152099586,1.0997389281051906
0.07761538261950267,0.9064636722367917
0.14166457945430824,0.8674763996957868
0.48910123751110174,0.92884506730902
-0.024135547834581984,1.123812598241375
0.0959515022374553,1.1773418734539494
0.01858065921325387,1.1163981077263438
0.05312799609377455,1.2351003760529013
-0.07480492337682565,1.0837901865513306
-0.1029673288965849,1.1202956731832476
0.25750171704641694,0.7256189228842466
-0.32645836825338054,0.9041007705693278
-0.16901527771624353,0.8398636472876244
-0.38871561434255086,0.9272145871749748
-0.19595972929415767,0.9328074733045201
-0.2717819513527249,0.974005547351361
10.415998755610941,2.215748001536529
0.026536251115574786,1.2571889141133838
1.7870015199567397,0.663317784427324
2.9369976485108484,0.8973142119004881
0.24192768010928145,0.7081276494287525
17.300121944337484,0.09864401347312775
-0.13616245796828794,0.8707895902692975
-0.24137572842475039,0.9301641225651631
-0.48679900019154115,0.8804124186970338
-0.4462534691992718,0.8855094007445552
-0.4672040185372349,0.8901583625343392
0.09020315619344936,1.2988368165068342
-0.09495069348742705,0.9570432667319841
-0.43299294139896977,0.8802463742420105
-0.009289090967191318,0.8332691365432768
3.5043495265114024,0.8159813940574059
-0.2628331132370346,0.7979437662600073
0.09275605490976964,1.3924059028272862
-0.3714105959276474,0.993504316544428
1.86337579557368,0.7111319604969063
-0.11163420990298767,1.0095486073408706
-0.13723823555129985,1.112333419120173
35.952018644754006,0.7162861046959473
3.4315164960305404,1.2585883068466384
0.1561973968875196,1.0939798412437256
0.21578067361029962,1.1741643524069407
-0.376579670059004,0.9721441588420956
-0.34404065048881854,0.9754961499638659
-0.20175024408872175,1.2495580812263078
-0.33935844691976114,0.9996583865693732
0.3019881434245409,0.9943947955385277
16.88602440603732,0.7158674799732686
3.5297132179220636,0.9369177992925872
4.816440536714898,0.7533962282952811
-0.13652174406276515,1.0872167899001501
5.600511362769498,0.587207796242957
6.69990329569235,0.4935736571576526
-0.3147754371396622,1.041126997352376
-0.28216951972859305,0.8407765906080769
-0.26979169577650497,0.8611082840202302
1.2377532052353086,0.683883615357612
-0.3042923981376415,0.9811390875430359
-0.36201221678685763,0.9743964795854134
0.0594440571014773,1.1813021877028251
5.357107347069113,1.0178502479644833
1.0825542203820715,0.6500927213276428
-0.28993750506495314,0.8587411192503862
0.08947774994219444,0.8722595739204525
0.022708378928046356,0.7321367849003754
-0.24902686437411953,0.8750065712304289
0.04503160200401261,1.0288523363447464
3.813425519211204,0.42091497093958624
-0.13071171970271314,0.910620691904989
-0.08425483517123711,1.2162709053578433
-0.2860184862544907,0.868885249980714
-0.45739233202222507,0.8486175354206951
-0.2247391260863788,0.8595871361550492
1.2486095925287248,0.750049534944658
8.079530426383519,1.1317471525797695
-0.34302900571754685,0.9441289610845749
-0.3501266577542453,0.9794257792458966
3.0159413674481734,0.8301320173365194
0.18190669890712163,1.2540612960973196
0.5412478711404073,1.4768404463500902
0.1687903070836866,1.2769486624371231
-0.06909523489637916,1.173667954263181
0.13355580340958,1.3293722144284545
0.3496570510055493,1.3909579891536499
0.2021861347450278,1.3204300132099331
0.8466706977899965,1.8040319965741538
0.5882342636987294,1.6681720665747544
0.47547973585033576,1.5855098192901578
0.19481080048702584,1.2313051178251473
0.11674585643521913,0.869266795918734
0.38174423974405053,1.5383989386952142
-0.2677527223450192,1.0857706738769488
5.655353941319921,0.3318255950259005
-0.25133364473005065,1.1588242789344825
-0.11359452287158159,1.217615733588717
-0.1977107774660514,1.2891142582055573
-0.14593671518421306,1.2924675310217064
0.42539354131189155,1.3966315933226878
2.151454256274409,0.7025891908771433
1.9179000940176623,0.7783797649436465
-0.1760816486774397,0.9656235787444217
0.4287586431575706,0.8152756318608817
-0.37544792959776085,1.0561967451722047
-0.16299057981941345,1.1803696698707438
-0.12194830256640654,1.2206072601827558
-0.23368655413752287,1.2447642683375826
1.9027640796799918,0.8675564734174755
0.2900419613551479,1.3484601304371746
16.962087801326113,0.34239900393020267
2.2723350350294194,0.7041812972724858
-0.41895016949173175,0.9687540209200217
-0.42002171438323616,1.0046741419068943
3.52607770533105,0.8821339419638147
0.6078338567456991,1.3328215067800466
-0.32485222041767703,1.197993141807983
-0.19238694824575733,1.1809750905872127
1.126996799414344,2.1937491041725634
2.507319508184863,1.6060199876933552
2.3199490555298055,3.954360703370082
7.200645638823838,5.715429745409926
0.056665991658136114,1.370252758576067
0.31293997556415976,1.8060560890036446
0.43054230615417755,1.0277298294471782
-0.1831113238495552,1.2982848784168672
3.29178491926519,1.5796473498547405
0.7875664103225889,1.2411471375505247
0.08153413250993724,1.5389290872158432
0.24578607022926657,1.8238960279263667
4.534570485374918,1.060183580275269
0.7917135802883182,1.9118503885517633
-0.008758550466263672,1.2608663932386608
-0.25385225341186113,1.1106488217501214
-0.34629300245715827,1.0361042568565468
-0.4244065970945304,0.9603231107414778
-0.04343500174924238,1.4682888748677851
-0.32245679507766006,1.1137093877964188
-0.05983217755696278,1.1014693297340021
-0.1859460382278984,1.3575287875577922
-0.15964511265150458,1.3412474510974945
0.2199881430028317,1.5175181354941985
1.6271223902256462,0.7410849991323973
0.18605127722937473,1.0646727280331112
0.16234645178704504,0.9323788883044076
0.42289366694147346,1.0640460060571286
-0.40101554021307767,1.0354631830318466
0.4899022026550801,0.9388987389947104
-0.24107387015223739,1.1631307042616454
5.750326905674839,2.0127440826649057
-0.15126967677509606,1.3268421157711563
2.1975131527737304,1.0087455506508713
0.041271238740204864,1.260793795891452
0.17344964997928994,0.8648925106601282
2.7746306519429798,1.6480068418089875
-0.0021742154923401003,0.9262694782207349
2.1182776314671754,1.542609280913257
2.089140252486075,0.7046111730298881
0.7486504967281746,1.06175057891383
-0.11833282463773885,1.3125440293070247
0.5337051863157747,1.1171478734721123
1.3269106510305517,1.1318327463717768
0.6716137029142195,1.27019834782882
0.4165391648811855,1.0608502313257422
0.2954380577036102,1.0480767914895963
1.5384109947450004,0.7449464315008374
1.2067335739212282,0.9054950453527889
0.4636997424922639,1.2408803600341631
0.7751237573745157,0.9105012961579102
0.39546066585352396,1.13840148522443
0.44676670440075594,1.159288425684727
1.8136723315294758,0.9073893952270704
0.1564156501690878,1.1972892557252472
0.8598875568528681,0.804794710286985
3.583381907958467,2.066320446639864
-0.2451930310611909,1.0272526890361648
0.08251698733631443,0.9681834647582638
-0.08986939392109715,1.0633697552347219
0.46714374481355997,0.8526752323965112
-0.024112151147313656,1.0542950365395216
-0.13431212914275065,1.0752200898003614
0.30090910324952996,1.2343298595141456
4.138094190842828,0.6190145260649165
-0.25441603076649866,1.0485516591743596
0.050637813508335586,1.1315748968885275
0.13230684465990356,0.9132422146794614
2.3654627823343826,0.8784980534588086
-0.2976276114848421,1.036274802618758
-0.013384252904428457,1.0138464315610294
-0.3099695982903363,1.0087297307820808
3.594849227954927,0.4535108791007359
2.413475897488498,0.6235831334232829
1.6691579729526718,1.032808872769667
17.06898404110721,0.21224856358337504
0.649841492674492,0.8877809667853623
-0.23495926137551423,1.0328451426879515
-0.25353902045800253,0.9841173840608625
5.205538835826871,1.4434895008085327
-0.2687749634572697,1.0496953049179094
9.70996405352194,0.23661155568129033
1.7080896944571993,0.8079213962559506
0.09820629333348697,1.228805979452909
0.4575385366822611,1.2299022270471442
0.19029493493590688,1.0932021428690502
0.01959602678461874,1.1411083970210212
-0.2709362810596531,1.0447859469968515
1.4490043249266056,1.2300664031811372
-0.22828998750278823,1.045792928563783
14.913507151594926,5.033304904633289
1.8690281971884448,1.3344489698159923
2.392012300149811,0.8053382816475388
9.321688862746457,0.2576707320978237
1.3746574303113992,0.9764993968837621
0.16193728623128092,1.2550973755098869
0.8064590761369981,1.0787038598782381
0.12915799352507595,0.9793169428592269
0.3725619898772829,0.775877917799938
10.587985730238458,0.6565719484132237
14.169896243069157,0.146169947779499
0.3859752858406547,0.8610402621270419
2.4053852807607807,0.9814634721139406
-0.2662848404083033,1.0235475271864654
1.2937982443786624,0.792193590409958
0.22266363697751584,1.2453953434129752
10.52056174553833,0.28467882886589235
3.6309878405415756,0.5460196106919444
11.586381749797845,0.1635182940340997
3.033299088967818,0.7784831738201143
-0.032576315659881644,1.0650123769455841
1.3962160639287666,0.8094062298771119
10.105178320619435,0.2918908928914529
0.4186957879235322,0.80980985819647
2.418059733835575,0.8055600795697453
6.466742594853623,0.8197045392981548
0.37108798904518914,0.8580433028363079
5.221450733896996,0.6464451557479696
0.2407396224599865,0.8625312014689874
0.7255435009853646,0.8084848932439757
0.1377674514977941,1.093111393890892
0.02844051145621892,0.9871802992055698
0.5324959108863404,0.978230676650764
0.6344120412208306,0.9704678037149066
0.2674223988962257,1.1453337334480593
0.10951079406330276,0.9827928109736819
0.4527176419228382,1.0551863093975995
0.06864653884984823,1.04634890070429
0.5974826612605899,1.0723440766181518
0.05770502884590178,1.0365522971289656
0.1928831751142325,1.0219636802408274
0.21906351863745735,1.0208836529837693
0.07824382176516859,1.0669202798183002
0.24840062571957008,1.0026138575813963
0.1411831741677532,1.1012947565807283
-0.18793278403887886,0.9988531757587631
-0.2978040688455516,0.941000205158571
-0.1410707769453443,1.0414244855223609
0.8652052080473139,0.8742949894790211
-0.05593449652529709,0.8741005278872309
-0.20400904877877965,0.9388406801781812
1.2690158132360017,0.6964725835013326
-0.0659615353062149,1.0838199586771409
0.005479944204935106,1.1048540184009437
0.26429644744616376,0.9627429459241574
-0.046096888333100924,0.9667846544705097
0.46476511168502943,0.8174270283606212
-0.2996957444526279,0.9779444882893712
0.1394470474864764,0.8801338104364994
-0.3671468970270882,0.9347769399240201
10.089861271457583,0.8391473326770933
-0.4096855058218318,0.9384728717983206
-0.24083913366544765,0.9895513227668072
3.790335809933368,0.43266726816551526
-0.02165293772620085,1.1337255383170048
0.32652480874619677,0.8337481820519408
10.306092107498419,0.19479754920790798
1.2964318108842916,1.520885537551634
-0.1251700300736442,0.9720214841554569
-0.2718243891088752,0.9325735757613072
0.38815009476577184,0.6885712304946855
0.07886869359885672,0.902392950943232
0.04488124208029491,1.015798637396591
0.04546375992484894,1.0162176029768162
0.8586477977052498,1.1035212988863097
0.37631790246880703,1.2191028897404312
10.942911248048203,0.20878306692011223
2.8469147031070485,1.0032664447139585
-0.403821569433044,0.8677561285847029
0.2790686666416782,0.718255596184715
6.4100225607153645,0.4476406943163263
4.399314352133209,0.7003436077456033
3.472204785310838,1.0145727133625368
-0.13994546151099074,0.9519172486019595
-0.2037879842740813,1.0021300621773146
0.1126856357372246,1.0685805095344407
2.5128986271727385,1.1621131895807464
17.058659186163233,2.7120726559073054
2.2786438823016946,0.8565706108702787
-0.27639055472992546,0.9703007547317667
-0.30522384567160854,0.9279241615984594
-0.3526968433009762,0.9355519222390813
-0.400789939996565,0.8717598280155713
-0.3661818919799896,0.9179171091681841
1.012041899913037,0.8944552255420878
2.538926554525856,1.4782106790418426
0.624369518119841,1.0704274968600438
4.072310685644233,0.3877902721225876
2.06694634221219,0.8824054713946622
0.06711420699544246,0.7840277884242429
1.1589382973051068,0.8249152464205187
1.7789360609938623,0.8571582457114267
0.8468874504923533,0.6680281215772323
3.332462278333146,0.7071343965272286
2.5895857516855174,0.6578473826012895
3.1341747181054713,0.6644331547882597
3.7875398102697444,0.9556354138664468
2.332810462235919,0.9522780692963934
5.224105001483445,0.953167497424854
2.3428084394287505,0.8929796128352571
10.663828785334077,0.3385311779019796
0.5126727706423659,0.7302206790842682
2.071947122227631,0.9722672513128998
1.8035923790766646,0.6654281029803105
1.36941708156705,0.6682720336248565
0.001070463551911497,0.9074853049753887
3.997487017063406,1.8625663231638463
-0.07033623462812448,0.8607261104723981
2.033766028272898,0.6410818333155565
0.2622273185545232,1.020331438938152
0.05703791925588774,0.9212798060156179
0.22140934721898267,0.7880269441352408
0.45212841157885103,0.8357814717391365
0.12431856414034828,1.0238412112490176
6.257377204364067,0.485494357624334
7.163582051310514,0.31566410987536725
7.554204016936165,0.19373050034980255
-0.39029986518135323,0.8433159493959581
0.5229255938116866,0.6575695982671023
0.8194698320035443,0.6343288818834072
-0.1819665693721804,0.938993189771875
-0.026623664542385395,0.9401809906923069
-0.2512660981846728,0.9170357853049321
-0.01769994337984513,1.0014580254437007
1.4018344013130482,0.7455217932396898
-0.3279270011727072,0.8375284607834256
0.2837003422461138,0.6342441085103878
-0.3836788887031897,0.8646122726610055
0.18412859203228144,0.8060523838355578
-0.3789333473898907,0.8886115254944584
-0.21624534749973914,1.0127679133154672
-0.4054336140704588,0.7931682340900037
5.5649648677172525,0.5473250405631744
2.9778190368019017,0.6258116919462431
0.3837677977172778,0.8154466816694493
-0.08516438027858036,0.8204404943217563
-0.4542146098731263,0.8051214120688229
-0.43837861939438305,0.8293542088379202
-0.3557550093816847,0.8834320988751834
0.29371229952427275,0.6759797132902208
2.12049580720291,1.684368980072683
-0.25463304170554635,0.8475778789252555
2.787541605975176,1.2857077092390856
1.9807557229591628,1.146320687136993
0.0107331840275834,1.016829992640457
4.697543731110736,0.4520061752761658
3.967173489295921,0.5801497801378352
-0.3720520678694852,0.8220978751037218
-0.44476418146153346,0.808272942203302
10.587883632194961,0.2968123631203994
18.187120511726555,1.4072370989414962
0.0071236061834362985,0.7886611715692692
-0.007952010227775719,1.1950872599474103
5.378860751986333,1.1090236576218384
-0.02896668450793744,0.7779266649328789
-0.16078418005564385,1.0831653265249876
1.5877903458767524,1.9716674175880045
1.2087889747793872,0.893948682829278
-0.03298188198612283,0.6849757530250488
-0.4166652113897957,0.8091608826333678
1.379249536267715,0.8356958198441888
0.21591021900874982,0.8191715591207862
-0.10003750652474501,0.889038226408295
-0.42433404483523246,0.809050955830292
4.029215291432681,0.3545603569721689
2.1498098449647833,0.673740805876767
3.697317128151309,0.5778824901393821
3.825792514079832,0.41746454617951234
12.226606426481398,0.4314263556451266
1.1170634826080916,0.675459330428475
13.510191288016689,0.32989458609069294
0.6238799393922709,0.5818536420444739
-0.1889246428362917,0.895633351840471
0.7464362666834636,0.6370946845661012
0.47515876035280824,0.6379462874584846
-0.1252885553066393,1.0461317335850513
-0.2236586852113312,0.8561256029676176
-0.36568983714495207,0.8532366121723316
0.13359402162412284,0.8130914639129512
-0.22673621393781385,0.8533546500816683
-0.07571851450938938,0.9917470123022102
-0.23654700277298094,0.8801887839641681
7.44955853509911,0.18135208052603646
1.8259734179951963,0.7551928014390556
0.1015526704330972,1.0429136157795682
0.10047689686039647,0.9240506847617788
0.15395235463945323,0.8725787250241251
0.44350286494365443,1.0458407884370702
0.5493937792980572,1.4043270991354075
0.24700712147450213,1.0005685077846433
0.12460550017821927,1.044943542049405
0.9428620143780548,0.9485434772453616
0.25459446520510454,1.1390988410657041
1.641655601703668,1.721908273579898
-0.16843480261129656,1.0470220532417882
0.19768137597908125,0.716586773836581
1.0020425715953403,0.7821992834080029
-0.1612610982063103,0.9475266229559187
-0.25958616611845975,0.9218061077645152
-0.246983315584586,0.8962510396329785
1.434397159954696,0.7186569638485623
0.13627556654160145,1.100254515319498
0.7589159635674505,0.8938830359967602
0.4802926462384128,0.8532152944406303
-0.23842103558483083,0.9637106397827172
4.641910168915268,0.42923088483374194
0.2138359437521129,0.6910637790087439
1.6820987992095753,0.671778336196599
-0.29085336884187957,0.9014241210107511
2.2990998158782734,0.6693116016088558
0.23017181046550014,0.7493944777912505
-0.329742547485024,0.9717938804302271
0.03850230049913396,0.9722234292348919
0.16475800470281404,1.0485118190048863
4.501842729659635,0.6408992067238969
-0.2712212324536452,0.9316192696405857
0.6536228386440455,0.668167518385291
-0.07434768674684698,0.8531248403638968
4.636312655972219,0.301819947109707
7.360936449128416,0.3722101468009119
-0.17217827236401054,0.9803698141866363
16.8338737450738,0.8313407783161522
6.491404902516033,0.7171433460398381
-0.10464957612054299,1.0835008651898266
0.05293202786640784,1.024416861720765
8.491616266342065,0.22754408438762533
12.325005670252036,1.3492519233723728
7.655129644709849,0.20111932441857722
2.8721923018008613,0.8178188249620045
-0.39811558004612785,0.8333636035730818
12.051119166694056,0.29094381584075696
10.757491717280391,0.33027721926318737
2.6804429091173696,0.6542193710265336
5.903875071860187,2.241576122145094
3.414489058743567,0.618974452910315
-0.09651899466703241,1.1234564175502824
-0.034722909181042434,1.0503636043464337
2.536291380560991,0.7028238497024054
1.180072796199679,0.9486847258312333
7.547906584382647,1.8324963355515793
0.9152223957896525,0.6184734635423831
-0.029983228579095317,0.8087135479859503
0.11833026255701248,0.7208742037391747
-0.3475208901731117,0.9594163498404983
-0.2971417722420414,0.9658475243948086
-0.00016978551932501164,1.0018301257886155
15.255689855181426,0.5331476323246053
0.29223634053660846,0.6801956999104974
7.816071122820939,1.285020194619643
3.1039150486572176,0.5758177371619722
11.428789208841655,0.42251696130793753
1.4380676738280738,0.7304920400957029
1.1131020095471125,0.7209421477028092
0.08842794245147338,0.802056736635452
-0.10430739157869579,0.9413420054134205
3.0335709273797637,0.5475850778217614
9.37119140044248,0.4178677237930972
2.4008893717871267,0.6290228349475211
16.7199467183129,1.6053098931603182
2.3945532327665386,0.6913853994737783
7.442017010037712,0.8124937477770671
0.45336205050967493,0.7281986692570316
23.386549934930223,1.2847302652966563
0.664048707464964,0.7365259469762105
18.82872067824892,0.5033013793207043
2.61226461329208,0.5783833473833581
0.9153952611430265,0.75285801596087
0.11015183085805678,0.894332154792013
3.0650925647501506,0.5346125611600304
0.8136476887474734,0.9867742405210549
3.761490716050698,0.7133618320747797
-0.0027944442900433354,1.1062550550078891
1.16017073760044,0.9031984753335704
0.0054698909122554125,1.1949944490879294
0.9632930664714487,0.6696839846044331
1.4194613708891888,0.6254418719958083
-0.118178490503115,0.8833068667279618
6.120122829619627,0.3813776969091615
-0.13879874156460026,1.0027004043993197
0.4614298436830858,0.7727493223264451
0.2998217804057228,0.802920273576466
1.2779931848381387,0.8372012482907004
0.6339054466482215,0.7034309856279011
0.23646694309503927,1.0655503313703865
0.45342052215798906,0.7701794922197586
7.274825424922902,0.3750517148511948
0.3845125548942242,0.615362337201789
-0.062038698690746,0.7782290550554716
0.08352209452026561,0.7897773161389312
0.47130276103630053,0.625092248947943
0.10035483075136864,0.8394660996616895
0.8587041158272603,0.7036221172236896
1.0243759162049588,0.762835881599866
1.1226813861370644,0.6500340875691636
0.16660598605747717,0.7971991869646781
-0.2791261139085296,0.8537767382516516
-0.31370382159765714,0.8490216094022005
-0.2964904946292863,0.8265954100607283
0.7449423746807156,0.7206472483849058
1.429280218908304,0.7001709968210814
-0.3373322761601049,0.8270272923646086
-0.40762625978236255,0.9858721434631403
-0.30566060243373017,0.90253350331096
-0.13013233175123268,1.1222125328462507
7.702532481837397,3.4295584650017363
18.705786213316014,0.9613982607441014
-0.06600816759389419,0.9035559736132543
2.3498360365765385,1.009448290588489
-0.2949835616527747,0.8255478871045574
-0.1004847623703851,0.7845173875477192
-0.2283123324628265,0.9479505103842887
-0.10763518600830582,0.8885969043951472
2.435678340808141,0.8588514363108766
4.797949196654013,1.2372034742679912
-0.417765392285394,0.9302882328711927
0.3255621895930579,0.8156427434103959
0.2418475586096538,0.8699652000061123
0.01055206959297683,0.7460713892052508
16.921963241025185,0.33246252140281146
17.173133844225585,0.3049556258107796
0.46833254748956593,0.7755366650815674
7.734844287819129,0.5022877561451338
-0.39837244208349326,0.8480504155300151
0.20564991413078146,0.7294740714853462
0.021937469371259597,1.1997601853346433
-0.12429559157563347,1.0596406661899131
4.336769483766199,0.5579956643191641
1.4175112467632522,0.692119346192875
10.537580937520692,1.8598943771557686
2.2784409924240747,0.7638645387214031
6.30361045668673,0.17987379875214002
0.9573602978083411,0.6562881478878959
10.598340788369429,0.1384547219367087
1.7692126935339825,0.8139048113385993
0.08486978356459939,0.8365551265059337
0.2781681987432831,1.214242751960064
1.1134227755854695,0.7511445800580369
8.815984212914847,0.3330668819609538
-0.133814590332997,0.9692582971520665
2.062420713043104,0.7826425909691687
0.5750093755172785,0.6875662380367075
0.7681329690323775,0.7001304932673923
7.445165388631228,0.3120360222383314
4.430166580962187,0.3504622161622707
-0.062033614913089154,1.0903092125105323
-0.07173083982978153,1.013898035380198
-0.2615052521288615,0.9916241076261774
1.381803922685879,0.7895997168706033
-0.18398341103273677,1.073974613404794
2.176700874301663,4.326217937328563
0.22284148777967155,1.2065938807444538
0.564027862891361,0.8734243429815907
-0.025130635405102943,1.1030789854135565
-0.04485908240758491,1.2339828949405844
-0.044697439139536235,0.9728715187120562
-0.41745319795415864,0.8801614641658277
-0.22510976095699503,1.0437011043485582
-0.3728239170194922,0.8629093369255273
-0.2589864017916679,0.9441895773579356
-0.17715295328805644,0.8849129479296778
0.31189476972650365,0.8698357482433712
-0.39616170621572167,0.8955692858974608
0.14970367021100725,0.8474147344132515
-0.18547320084021962,1.1767171888179857
-0.1468063644863895,0.9633034485171096
-0.412475865646997,0.8973127013865975
-0.558633723699488,0.775525106521601
-0.3832918556046553,0.817567455006043
4.899336956769772,0.35896939136331546
0.7625416207117706,0.6564939500641425
-0.4810911565223909,0.8662228457677774
-0.4843313624956699,0.8331194377818413
0.8644891955342574,0.8291496221800461
-0.016912503743291504,1.0277427896279967
-0.32506953511496894,0.9444526023050607
-0.5032078058114556,0.8149045274491078
-0.4679293882805228,0.8410758356476472
-0.3842828013585339,0.8182578651738383
-0.06555605161466511,0.8157707304537591
2.7494719870469315,0.5913425313300987
-0.11263404227602078,1.071132149974332
-0.3014041028830506,0.9365138603921608
-0.17231812689696366,0.9208638251561145
9.950885455990052,0.38395258923136755
1.7650805049287712,0.6683487075271971
-0.19411928126624461,1.1966729576858026
-0.14475339925981384,0.9629562532565594
10.957510541815077,0.10397013935169519
9.54200328502494,0.258396862844624
0.9212557886361082,0.6556488389442802
3.628124439023395,0.5734386716369826
1.3760077335854248,0.6502148289418082
12.345511035288286,0.6220080752898236
0.2251076125797888,0.8109709196909416
-0.1394744172353499,0.9448977131758373
0.5388312502986532,1.3887344800726222
-0.38449446943371857,0.8880417969119443
0.9206092700136702,0.6940544479513904
0.6058546421367146,0.6235835483054296
0.06791211535831375,0.7168605954571691
6.204879533392941,1.3187789977967213
-0.4994560300061648,0.8195920801540746
-0.2899791379599638,0.8481541734614103
-0.5118213835026987,0.7813709519586794
-0.3947950587514544,0.8702545689913851
4.118434485499589,2.472921122017164
6.557495727270615,0.35441676923048643
0.7394043184048497,0.6378721329814248
-0.43170233198206753,0.8130800383555391
1.4123132284791962,0.7730478822490027
1.7723990883197809,1.2572527045773019
2.043384332110425,0.7021450099694431
0.568789661787448,0.6331906065905459
4.970420988547927,0.5332030224189792
-0.3086922868968096,0.8903975294997691
0.0021262925432780676,0.9553787540260228
6.191141728143962,0.32939972280422297
1.9956498447686302,0.7349985186687179
0.38017659264379067,0.6471185642914487
1.2732561096981898,0.7154249590686583
10.379454786750117,0.8879612869181581
-0.05123358043850934,0.7850162696457762
0.29104856649468575,0.7419587279939795
0.13595309108370424,1.010711481904794
1.3986593587153586,0.6773012439396119
-0.028190498524656264,1.1263546830289215
0.9842335086931335,0.8425484443753795
-0.08152529354452268,1.0111765099998566
-0.09365620226589884,0.9920576363676196
0.054301113675616984,1.1348813953956014
-0.15968335091755131,1.0940895340373367
-0.05600639578137735,1.1579912053867416
0.006897696859470956,1.1196292240365242
0.028664323106447225,1.2978326133204856
0.03776321739147367,1.0755035299196547
-0.43127458175988564,0.9008564398759161
1.588933786476648,0.9867615600886622
3.5077377183378116,1.2409695274683894
1.0642793491953684,0.7127273424937746
-0.24646793785855192,0.979747856698948
1.3973893637959536,0.7425267914203073
4.318024291453153,0.5872762076373461
2.1493022647065616,1.6228666349882572
-0.10677374692019162,1.2188593466241648
0.21172274244791794,1.0999146047211381
1.3403155777171702,0.8037189445413604
5.362602907760338,0.66758651613172
5.23288859515544,0.3607292065293096
-0.04157889988816152,0.9566051418104952
0.14535570354146843,0.7177215842541831
-0.41935818679142967,0.9093278685438994
-0.11875413046261787,0.8467354981699913
6.6230721379078386,0.37055459295728466
3.4491350687421445,0.4691939747507201
-0.25039176476469893,1.0454081850950172
-0.4246231281180833,0.8815198685417803
-0.5813062221766524,0.7297223544297021
0.34719128390997955,0.6231305076947281
-0.5220784921555756,0.815095886637744
2.337336459778886,0.6736271534066041
-0.4928092243924995,0.8740949125797439
-0.4839412799436431,0.8992299331565404
-0.22881775795050827,1.0487755160800432
4.037005759028213,0.5354436828338087
-0.22994288986950498,1.1062255749575087
0.001257690902933943,1.0443614383483826
-0.25510754105556527,1.070883111804499
-0.42164815522634747,0.8935159406054755
0.8059858717283596,0.7537585824618169
-0.4904265475053186,0.8129232552883888
21.462135790237994,0.23285930414507544
0.39954404235330887,0.8022516798928198
0.9729710002392364,1.3728575963776342
-0.1496919236130544,0.9564589820725949
3.9436097918457214,0.6617078386581661
10.80449496895914,0.35831283782858364
-0.019668201002867054,0.8742145300744802
0.5008397514527899,0.8318647592659328
23.15074382741514,0.29395054766540485
16.837100524450303,1.0642360763968655
0.9681540399059816,2.441994652546909
-0.03760002924272345,0.7136758389118165
-0.45363297459375096,0.8286071425623738
-0.43925869878306706,0.8813464023966457
-0.3705366278002602,0.9062286279163846
-0.08032655915500896,1.14625087423458
1.3942925215576523,1.3030934433411607
2.484774133644766,0.7785124776800724
9.945734439696496,0.38690390696032173
1.955773271537564,0.671272230322071
5.032233841570248,0.6486985924502229
1.3680020722813602,0.713299734457628
5.7609019055508615,0.8490351035538873
-0.25539819026003674,0.9315586126818569
-0.10867735414310224,0.880489315469982
-0.08182076253329292,1.1541779181562162
1.009947019429104,0.883816168327166
-0.040387206551968965,0.8567252893561584
-0.28976070620774064,0.8733906977388284
-0.017794617482815855,0.8646802652338844
8.64318833829278,0.34235579270966826
2.2328905764514997,0.7178042090759086
7.3274757961696135,0.3173241168956432
2.404089280877928,0.7244466700271983
2.6774649633855403,0.7386740287232685
-0.003997608054914137,1.185757003394332
0.9522175665866172,1.3464796817880205
0.1665819020725942,1.1116884149679331
0.8560726284284078,1.509385768244037
0.15583133220875947,1.2173902872939222
0.5115128436634171,1.1163481694574358
0.5388990514251155,1.482236990901996
1.2436447322203634,1.1735620602710963
0.8382754253689023,1.1940793751386556
1.0927780037865273,0.8184869688091568
2.620968630750031,1.876814045782855
-0.29425180405771034,1.1004652486777078
2.1499785940892187,0.9634000626073435
-0.2247588020467215,1.145759623093305
-0.27337949030273845,1.1341986169791816
0.05762690818198312,1.2009703828574436
-0.005835408784370043,1.2486472065050662
-0.08851262437385539,1.3834423603398969
0.24407109726838042,1.5093684709623594
-0.018037974154039363,1.197144629740572
0.17047042353646202,1.2991494203451903
-0.33460348998910966,1.05712565402555
-0.1967488155973373,1.204015899350031
-0.3914623322139755,1.043469135170503
0.01184571977703926,1.0334538292981439
-0.01871034525125893,0.9466947236309258
-0.24478852936305653,1.233770352561165
0.5267788120601312,1.1660854275771446
0.4224850971056571,1.3822877317736817
0.09318502362081671,1.2194408451589867
-0.4481492686789646,0.9535122020788731
-0.026412027241195325,0.8910439376998922
-0.4125611415454212,0.9587091111221997
-0.4025505667293871,1.0343732346945673
-0.38520740395528363,1.0221615244067148
-0.36226341423682706,1.0999642015117381
-0.2844143593880821,1.151764436074259
0.679018297989885,0.8180734913771569
2.906817178030304,2.0683706445898786
0.3821155611934209,1.3637788742814936
2.855503251099769,1.355995146799493
0.5492929035037664,1.1212915812509567
-0.3950026601690067,1.0210155441434765
0.23557449372668812,0.8134738876837532
-0.39458380312143604,1.007121953590298
2.3658257180185562,0.9041324057768245
-0.37883629788310913,0.9848395410585952
-0.09763108768992096,1.1683246986746578
-0.11883829565633534,1.1545205107544994
-0.12686053892038723,1.2451285286356564
9.361290416190743,0.3375687226214672
-0.14370938743563338,1.0875452562634569
-0.4751064211044866,0.9039353250427953
1.6339478741219555,0.7582907586301234
-0.48381841724827446,0.9059358984932996
4.286551849750813,0.623152952235219
-0.057507013663982275,0.8660422811883554
0.9335269977992158,1.002558399854031
0.7214337260878597,0.9831725541472333
2.853864493550567,0.910016637917497
10.366341637028553,0.4828414203373085
0.06626809062222838,1.074717687157912
1.5241089835049078,0.7580469696059408
2.850810508189477,1.0386953624581747
2.3756301665648687,0.6881154695538059
0.6234969177717405,0.7966126615631216
1.2722743217607615,1.2352671376932904
1.0149368545561284,0.8271281021600663
0.8173069267245279,1.4010543363220538
-0.28886758925045447,1.1687702568950495
4.284206614337608,0.5768717877370169
6.716758605559389,0.5217925315346695
-0.35113925479861946,1.0570872858697895
0.7305823740275089,1.1136564459315716
4.228924542720961,0.5596361332651012
0.1089207705614135,1.3011581113946697
3.9426242698490457,0.7097273982592329
2.508714464233047,1.2316786907074928
0.2833987610546575,1.3662779975260397
