,single
0,0.5
1,0.7017543859649122
2,0.46944444444444444
3,0.4944444444444444
4,0.19444444444444442
5,0.8333333333333334
6,0.4766062057025375
7,0.3758771573878699
8,0.5773026315789473
9,0.48026315789473684
10,0.9038461538461539
11,0.5833333333333333
12,0.6811145510835914
13,0.15170278637770898
14,0.3835616438356164
15,0.4345671815797144
16,0.6090225563909775
17,0.3402255639097745
18,0.49937343358395986
19,0.4655388471177945
20,0.25616921269095183
21,0.6286721504112809
22,0.34152693089430897
23,0.9023331639566395
24,0.481203007518797
25,0.4360902255639098
26,0.30808080808080807
27,0.2777777777777778
28,0.5398671096345515
29,0.5070975536091815
30,0.3346938775510204
31,0.616326530612245
32,0.6079000000000001
33,0.5735000000000001
34,0.41764705882352937
35,0.388235294117647
36,0.5263888888888889
37,0.4388888888888889
38,0.2777777777777778
39,0.22222222222222224
40,0.641362332954607
41,0.3889323973380945
42,0.399671052631579
43,0.5460526315789473
44,0.5608974358974359
45,0.3814102564102564
46,0.42724458204334365
47,0.44582043343653255
48,0.39449140192363746
49,0.4108131740017488
50,0.5766666666666667
51,0.34444444444444444
52,0.5206766917293233
53,0.4473684210526316
54,0.45551378446115287
55,0.5012531328320802
56,0.6692126909518213
57,0.3516451233842538
58,0.44444444444444453
59,0.22222222222222224
60,0.22745172764227642
61,0.8084032012195121
62,0.4586466165413534
63,0.5037593984962406
64,0.4090909090909091
65,0.6047979797979798
66,0.570522500755059
67,0.4180006040471157
68,0.4444444444444444
69,0.19444444444444442
70,0.9387755102040817
71,0.43673469387755104
72,0.4838
73,0.5038
74,0.5117647058823529
75,0.40588235294117647
76,0.3055555555555556
77,0.8611111111111112
78,0.6718288427203376
79,0.3616539522804739
80,0.44901315789473684
81,0.5789473684210527
82,0.8365384615384616
83,0.44551282051282043
84,0.4643962848297214
85,0.5851393188854489
86,0.24176624890702414
87,0.5102011075488195
88,0.7488888888888889
89,0.3
90,0.4511278195488722
91,0.43796992481203006
92,0.4536340852130326
93,0.525375939849624
94,0.6178025851938895
95,0.5492068155111633
96,0.6666666666666666
97,0.2777777777777778
98,0.2585535230352304
99,0.5282647357723577
100,0.3984962406015038
101,0.5977443609022557
102,0.49747474747474746
103,0.24368686868686867
104,0.5294472968891574
105,0.41505587435819996
106,0.861111111111111
107,0.19444444444444442
108,0.8775510204081632
109,0.7061224489795919
110,0.5247999999999999
111,0.5772999999999999
112,0.24000000000000002
113,0.2
114,0.3941176470588235
115,0.2647058823529411
116,0.5703639831196234
117,0.4750933290050316
118,0.618421052631579
119,0.47039473684210525
120,0.41025641025641024
121,0.47435897435897434
122,0.4798761609907121
123,0.12074303405572756
124,0.2634800349752259
125,0.44112503643252693
126,0.45666666666666667
127,0.7233333333333333
128,0.34304511278195493
129,0.3834586466165414
130,0.5623433583959899
131,0.47180451127819545
132,0.5646298472385429
133,0.6013513513513513
134,0.6111111111111112
135,0.6666666666666666
136,0.22031673441734417
137,0.5242843834688347
138,0.41353383458646614
139,0.7218045112781957
140,0.5833333333333334
141,0.26010101010101006
142,0.49320446994865597
143,0.49637571730594987
144,0.7777777777777777
145,0.5
146,0.4448979591836735
147,0.08571428571428572
148,0.5014
149,0.5779
150,0.07999999999999999
151,0.44
152,0.4411764705882353
153,0.5176470588235295
154,0.5904605263157894
155,0.6282894736842105
156,0.3685897435897436
157,0.4310897435897436
158,0.49226006191950467
159,0.6470588235294118
160,0.2967064995628097
161,0.5184348586417954
162,0.16666666666666666
163,0.37222222222222223
164,0.34398496240601506
165,0.5620300751879699
166,0.5175438596491228
167,0.5078320802005012
168,0.5951821386603995
169,0.32549941245593417
170,0.6111111111111112
171,0.8333333333333334
172,0.22031673441734417
173,0.28870257452574527
174,0.4210526315789474
175,0.27819548872180455
176,0.3383838383838384
177,0.5972222222222221
178,0.40320144971307764
179,0.5116279069767442
180,1.0
181,0.3333333333333333
182,0.526530612244898
183,0.463265306122449
184,0.5075999999999999
185,0.47375
186,0.36
187,0.36
188,0.47647058823529415
189,0.42647058823529416
190,0.4647435897435897
191,0.9070512820512819
192,0.39628482972136225
193,0.5851393188854489
194,0.2500728650539201
195,0.31084232002331685
196,0.47222222222222227
197,0.5933333333333334
198,0.34962406015037595
199,0.33458646616541354
200,0.48182957393483705
201,0.4630325814536341
202,0.44858989424206813
203,0.4764982373678026
204,0.27777777777777785
205,0.6666666666666667
206,0.2265625
207,0.4028836382113821
208,0.30827067669172936
209,0.5488721804511278
210,0.40404040404040403
211,0.5934343434343435
212,0.5280881908788886
213,0.5872848082150408
214,0.4722222222222222
215,0.75
216,0.636734693877551
217,0.8081632653061226
218,0.5394000000000001
219,0.43620000000000003
220,0.24
221,0.68
222,0.5176470588235295
223,0.6176470588235294
224,0.631578947368421
225,0.13931888544891644
226,0.365636840571262
227,0.20358496065287085
228,0.6944444444444444
229,0.6911111111111111
230,0.29887218045112784
231,0.32894736842105265
232,0.46240601503759404
233,0.44924812030075184
234,0.535840188014101
235,0.20769682726204464
236,0.6666666666666666
237,0.38888888888888895
238,0.22031673441734417
239,0.45551744579945797
240,0.3984962406015038
241,0.5714285714285714
242,0.648989898989899
243,0.1717171717171717
244,0.45107218363032314
245,0.4012382965871338
246,0.9166666666666666
247,0.1388888888888889
248,0.6693877551020408
249,0.47346938775510206
250,0.5281
251,0.5398000000000001
252,0.48
253,0.76
254,0.4117647058823529
255,0.6
256,0.23549985426989217
257,0.8405712620227339
258,0.7077777777777778
259,0.1411111111111111
260,0.29323308270676696
261,0.7612781954887218
262,0.46741854636591473
263,0.5325814536340853
264,0.5470035252643948
265,0.7881903642773209
266,0.6666666666666666
267,0.7222222222222223
268,0.22078252032520324
269,0.4348852472899729
270,0.43609022556390975
271,0.20300751879699247
272,0.6338383838383838
273,0.7702020202020202
274,0.4096949562065841
275,0.5619148293566898
276,0.8611111111111112
277,0.6111111111111112
278,0.6204081632653061
279,0.7836734693877551
280,0.5073000000000001
281,0.47690000000000005
282,0.039999999999999994
283,0.27999999999999997
284,0.4882352941176471
285,0.32941176470588235
286,0.7122222222222222
287,0.16333333333333336
288,0.29323308270676696
289,0.8590225563909775
290,0.49185463659147877
291,0.47807017543859653
292,0.5799059929494712
293,0.39482961222091667
294,0.6666666666666666
295,0.4444444444444444
296,0.22031673441734417
297,0.2779259823848238
298,0.41353383458646614
299,0.31203007518796994
300,0.4368686868686869
301,0.7777777777777778
302,0.4420869827846572
303,0.5620658411356086
304,0.8055555555555556
305,0.375
306,0.6653061224489796
307,0.7918367346938776
308,0.5157999999999999
309,0.4619
310,0.08000000000000002
311,0.44000000000000006
312,0.3941176470588236
313,0.45588235294117646
314,0.2951127819548872
315,0.6390977443609023
316,0.5225563909774437
317,0.47556390977443613
318,0.5628672150411281
319,0.6330787309048179
320,0.6666666666666666
321,0.6666666666666667
322,0.42105263157894735
323,0.5112781954887218
324,0.4116161616161616
325,0.6944444444444445
326,0.31259438236182424
327,0.4768951978254304
328,1.0
329,0.7777777777777777
330,0.40408163265306124
331,0.8653061224489796
332,0.4936
333,0.49645
334,0.4
335,0.6
336,0.32941176470588235
337,0.3823529411764706
338,0.48308270676691734
339,0.47994987468671685
340,0.5663924794359577
341,0.660840188014101
342,0.6666666666666666
343,0.6388888888888888
344,0.22031673441734417
345,0.6839430894308943
346,0.41353383458646614
347,0.5338345864661653
348,0.48484848484848486
349,0.7171717171717172
350,0.44616430081546365
351,0.5308064028994262
352,0.8888888888888888
353,0.9722222222222222
354,0.6653061224489796
355,0.6489795918367348
356,0.5111
357,0.48975
358,0.039999999999999994
359,0.4
360,0.3941176470588236
361,0.4764705882352941
362,0.5693301997649824
363,0.37749706227967095
364,0.6111111111111112
365,0.7777777777777778
366,0.22745172764227642
367,0.337059620596206
368,0.41353383458646614
369,0.3609022556390977
370,0.5896464646464645
371,0.5631313131313131
372,0.4485049833887043
373,0.6162790697674418
374,0.9444444444444444
375,0.7083333333333334
376,0.5591836734693878
377,0.4122448979591837
378,0.5301
379,0.5113
380,0.2
381,0.56
382,0.4529411764705882
383,0.5588235294117647
384,0.6666666666666666
385,0.5555555555555556
386,0.39097744360902253
387,0.4661654135338346
388,0.40404040404040403
389,0.6590909090909092
390,0.523406825732407
391,0.5033222591362126
392,0.4444444444444444
393,0.611111111111111
394,0.6653061224489796
395,0.9877551020408164
396,0.5286000000000001
397,0.51985
398,0.19999999999999998
399,0.24
400,0.5117647058823529
401,0.5352941176470588
402,0.5037593984962406
403,0.5864661654135338
404,0.5505050505050505
405,0.6843434343434344
406,0.510419812745394
407,0.5138930836605256
408,0.7777777777777778
409,0.7777777777777778
410,0.7020408163265306
411,0.15714285714285714
412,0.5005
413,0.52045
414,0.48
415,0.44
416,0.24705882352941172
417,0.7294117647058823
418,0.31565656565656564
419,0.5101010101010102
420,0.4740259740259741
421,0.466626396858955
422,0.4816326530612245
423,0.4
424,0.5641
425,0.5009
426,0.3294117647058823
427,0.34705882352941175
428,0.32070707070707066
429,0.4166666666666667
430,0.5862277257626094
431,0.42449411054062214
432,0.5555555555555556
433,0.7777777777777778
434,0.8122448979591836
435,0.4163265306122449
436,0.5110999999999999
437,0.43610000000000004
438,0.4
439,0.3411764705882353
440,0.4486559951676231
441,0.41301721534279673
442,0.8888888888888888
443,0.5555555555555556
444,0.6489795918367347
445,0.8693877551020408
446,0.5184000000000001
447,0.4309
448,0.08000000000000002
449,0.5599999999999999
450,0.4411764705882353
451,0.5588235294117647
452,0.7777777777777778
453,0.625
454,0.4714285714285714
455,0.4040816326530612
456,0.5099
457,0.4701
458,0.07999999999999999
459,0.6
460,0.43529411764705883
461,0.27058823529411763
462,0.45306122448979597
463,0.8204081632653061
464,0.4974
465,0.3864
466,0.8400000000000001
467,0.44000000000000006
468,0.34117647058823525
469,0.4176470588235294
470,0.5005
471,0.5561
472,0.36
473,0.44
474,0.4823529411764706
475,0.4
476,0.64
477,0.6
478,0.4411764705882353
479,0.43529411764705883
480,0.49027777777777776
481,0.4638888888888889
482,0.8333333333333334
483,0.44444444444444436
484,0.3722001298490505
485,0.6820466780284584
486,0.6743421052631579
487,0.5896381578947368
488,0.5833333333333333
489,0.8878205128205128
490,0.1393188854489164
491,0.4504643962848297
492,0.5091809967939376
493,0.3506266394637132
494,0.38721804511278196
495,0.5046992481203008
496,0.4793233082706767
497,0.5156641604010025
498,0.5869565217391305
499,0.5220329024676851
500,0.9023331639566395
501,0.6672594850948509
502,0.5413533834586466
503,0.5488721804511278
504,0.30050505050505055
505,0.2752525252525253
506,0.5626698882512835
507,0.5491543340380549
508,0.5306122448979592
509,0.5530612244897959
510,0.5649
511,0.47950000000000004
512,0.39411764705882346
513,0.3588235294117647
514,0.8333333333333334
515,0.6388888888888888
516,0.34306322025645186
517,0.3323635232375697
518,0.3536184210526316
519,0.6085526315789473
520,0.5833333333333333
521,0.3653846153846153
522,0.2321981424148607
523,0.43034055727554177
524,0.5904983969688138
525,0.6595744680851064
526,0.35902255639097747
527,0.462406015037594
528,0.45551378446115287
529,0.48621553884711777
530,0.650117508813161
531,0.349882491186839
532,0.406015037593985
533,0.6842105263157896
534,0.3737373737373737
535,0.5858585858585859
536,0.5433403805496829
537,0.4766686801570523
538,0.6448979591836734
539,0.13469387755102039
540,0.5171
541,0.4735999999999999
542,0.4176470588235294
543,0.6823529411764707
544,0.3758771573878699
545,0.4623011686414544
546,0.48026315789473684
547,0.43914473684210525
548,0.5833333333333333
549,0.41666666666666663
550,0.15170278637770898
551,0.26006191950464397
552,0.4345671815797144
553,0.43034100845234624
554,0.3402255639097745
555,0.39473684210526316
556,0.4655388471177945
557,0.5269423558897244
558,0.6286721504112809
559,0.31698002350176263
560,0.9023331639566395
561,0.5016302506775068
562,0.4360902255639098
563,0.5714285714285714
564,0.2777777777777778
565,0.36868686868686873
566,0.5070975536091815
567,0.45001510117789184
568,0.616326530612245
569,0.163265306122449
570,0.5735000000000001
571,0.5206999999999999
572,0.388235294117647
573,0.4294117647058824
574,0.4720394736842105
575,0.575657894736842
576,0.5865384615384615
577,0.9935897435897436
578,0.15170278637770898
579,0.6687306501547988
580,0.4395220052462838
581,0.7132031477703292
582,0.34398496240601506
583,0.7048872180451128
584,0.4605263157894737
585,0.5150375939849624
586,0.6116333725029377
587,0.6977085781433607
588,0.9023331639566395
589,0.540015243902439
590,0.4360902255639098
591,0.4135338345864662
592,0.29040404040404044
593,0.3333333333333333
594,0.5107218363032316
595,0.6072183630323166
596,0.6489795918367347
597,0.2653061224489796
598,0.5735000000000001
599,0.5449999999999999
600,0.4294117647058824
601,0.33529411764705885
602,0.5897435897435896
603,0.532051282051282
604,0.14241486068111456
605,0.5356037151702786
606,0.44870300204022145
607,0.3088020985135529
608,0.33082706766917297
609,0.34680451127819545
610,0.4617794486215539
611,0.5025062656641603
612,0.6101645123384254
613,0.3031727379553467
614,0.5488721804511278
615,0.736842105263158
616,0.27525252525252525
617,0.6010101010101011
618,0.5329205678042888
619,0.4985653881002718
620,0.5224489795918367
621,0.42653061224489797
622,0.5476
623,0.42469999999999997
624,0.5
625,0.42647058823529416
626,0.151702786377709
627,0.609907120743034
628,0.49023608277470127
629,0.39638589332556107
630,0.37030075187969924
631,0.4229323308270677
632,0.4680451127819549
633,0.5100250626566416
634,0.6101645123384254
635,0.24089306698002352
636,0.9023331639566395
637,0.47232808265582654
638,0.4360902255639098
639,0.6466165413533834
640,0.30303030303030304
641,0.33333333333333337
642,0.5329205678042888
643,0.5996677740863787
644,0.563265306122449
645,0.4979591836734695
646,0.5477000000000001
647,0.5688
648,0.4470588235294118
649,0.4764705882352941
650,0.4045467793646167
651,0.8529583211891576
652,0.34398496240601506
653,0.6748120300751881
654,0.4799498746867168
655,0.4692982456140351
656,0.619271445358402
657,0.8362220916568743
658,0.4887218045112782
659,0.6466165413533835
660,0.45959595959595956
661,0.696969696969697
662,0.5629719118091211
663,0.5714285714285715
664,0.436734693877551
665,0.7020408163265306
666,0.4935
667,0.4406
668,0.5
669,0.7058823529411764
670,0.4041353383458646
671,0.7800751879699248
672,0.48308270676691734
673,0.4962406015037594
674,0.6213278495887192
675,0.8334312573443008
676,0.9023331639566395
677,0.3687965785907859
678,0.4360902255639098
679,0.2330827067669173
680,0.547979797979798
681,0.6691919191919192
682,0.5647840531561462
683,0.5412262156448203
684,0.37142857142857144
685,0.5387755102040817
686,0.5255000000000001
687,0.5059
688,0.4529411764705882
689,0.4294117647058824
690,0.4655388471177945
691,0.462406015037594
692,0.6213278495887192
693,0.7717391304347826
694,0.9023331639566395
695,0.7902693089430893
696,0.4360902255639098
697,0.2932330827067669
698,0.2777777777777778
699,0.4823232323232324
700,0.5073995771670191
701,0.5342796738145575
702,0.616326530612245
703,0.2653061224489796
704,0.5735000000000001
705,0.4728
706,0.4294117647058824
707,0.3411764705882353
708,0.6286721504112809
709,0.2928907168037603
710,0.9023331639566395
711,0.14930555555555555
712,0.5413533834586466
713,0.5112781954887218
714,0.2777777777777778
715,0.2777777777777778
716,0.5070975536091815
717,0.48610691633947445
718,0.616326530612245
719,0.1836734693877551
720,0.5735000000000001
721,0.52
722,0.388235294117647
723,0.3823529411764706
724,0.6917293233082706
725,0.4360902255639098
726,0.4823232323232323
727,0.48863636363636365
728,0.5498338870431893
729,0.3890818483841739
730,0.19999999999999998
731,0.4306122448979592
732,0.495
733,0.5366
734,0.4470588235294118
735,0.3970588235294118
736,0.5320144971307762
737,0.4753850800362428
738,0.436734693877551
739,0.4204081632653061
740,0.5071999999999999
741,0.5336
742,0.4117647058823529
743,0.37058823529411766
744,0.6515151515151516
745,0.5151515151515151
746,0.5193295077016008
747,0.47115675022651765
748,0.25306122448979596
749,0.1673469387755102
750,0.5036
751,0.42145
752,0.3941176470588236
753,0.5264705882352941
754,0.49954696466324366
755,0.48716399879190575
756,0.7020408163265306
757,0.5551020408163265
758,0.5304000000000001
759,0.45995
760,0.38235294117647056
761,0.6235294117647059
762,0.616326530612245
763,0.6122448979591837
764,0.5735000000000001
765,0.4916
766,0.388235294117647
767,0.3529411764705882
768,0.5875
769,0.5131
770,0.34705882352941175
771,0.5117647058823529
772,0.4235294117647059
773,0.47058823529411764
774,0.02777777777777777
775,0.2777777777777778
776,0.3453227289942109
777,0.3699473840826706
778,0.5049342105263157
779,0.43914473684210525
780,0.4839743589743589
781,0.11858974358974358
782,0.34984520123839014
783,0.41331269349845207
784,0.4434567181579714
785,0.41605945788399884
786,0.3983333333333333
787,0.41333333333333333
788,0.4041353383458647
789,0.29699248120300753
790,0.5056390977443609
791,0.49999999999999994
792,0.29318448883666276
793,0.4785546415981199
794,0.08333333333333333
795,0.4444444444444444
796,0.5037593984962406
797,0.5300751879699248
798,0.4431818181818182
799,0.24747474747474751
800,0.4057686499546964
801,0.4519027484143763
802,0.19444444444444442
803,0.19444444444444442
804,0.4775510204081632
805,0.7877551020408163
806,0.5429000000000002
807,0.5595000000000001
808,0.4529411764705883
809,0.44705882352941173
810,0.389956311204891
811,0.5047733051993724
812,0.5460526315789473
813,0.6200657894736842
814,0.3878205128205129
815,0.782051282051282
816,0.44891640866873067
817,0.17337461300309598
818,0.4147478869134363
819,0.4619644418536869
820,0.3433333333333334
821,0.7488888888888889
822,0.44548872180451127
823,0.4793233082706767
824,0.5006265664160401
825,0.4179197994987469
826,0.35399529964747356
827,0.6198589894242068
828,0.22222222222222224
829,0.7222222222222223
830,0.8084032012195121
831,0.42498729674796754
832,0.5037593984962406
833,0.6541353383458647
834,0.611111111111111
835,0.5050505050505051
836,0.4181516158260345
837,0.5018121413470251
838,0.19444444444444442
839,0.7222222222222223
840,0.4448979591836735
841,0.49387755102040815
842,0.4996
843,0.5841000000000001
844,0.39999999999999997
845,0.6058823529411764
846,0.3733552631578947
847,0.59375
848,0.41346153846153844
849,0.33653846153846156
850,0.5170278637770898
851,0.7306501547987616
852,0.4118332847566307
853,0.5882395802972894
854,0.34444444444444444
855,0.46666666666666673
856,0.4793233082706767
857,0.5958646616541353
858,0.5175438596491228
859,0.5093984962406015
860,0.3484136310223267
861,0.6198589894242068
862,0.3888888888888889
863,0.5
864,0.8084032012195121
865,0.2991827574525745
866,0.481203007518797
867,0.406015037593985
868,0.577020202020202
869,0.42171717171717177
870,0.4534883720930233
871,0.43385684083358506
872,0.19444444444444442
873,0.1111111111111111
874,0.08163265306122448
875,0.7877551020408163
876,0.5865
877,0.49030000000000007
878,0.3588235294117647
879,0.4529411764705882
880,0.47756410256410253
881,0.7756410256410257
882,0.42724458204334365
883,0.4303405572755418
884,0.40206936753133193
885,0.3686971728359079
886,0.385
887,0.655
888,0.44548872180451127
889,0.4116541353383459
890,0.4924812030075188
891,0.49592731829573933
892,0.33460634547591067
893,0.64762044653349
894,0.33333333333333337
895,0.7222222222222223
896,0.859766683604336
897,0.4028836382113821
898,0.5037593984962405
899,0.5338345864661654
900,0.6262626262626262
901,0.7537878787878787
902,0.41739655693144057
903,0.5781485955904561
904,0.2222222222222222
905,0.6388888888888888
906,0.35918367346938773
907,0.15918367346938778
908,0.4837
909,0.44680000000000003
910,0.3529411764705882
911,0.5294117647058825
912,0.4210526315789474
913,0.5944272445820433
914,0.3106965899154765
915,0.45628096764791604
916,0.34444444444444444
917,0.5588888888888889
918,0.46616541353383456
919,0.4342105263157895
920,0.5081453634085213
921,0.49122807017543857
922,0.3111045828437133
923,0.3064042303172738
924,0.2222222222222222
925,0.47222222222222227
926,0.8084032012195121
927,0.4631182249322493
928,0.481203007518797
929,0.46616541353383456
930,0.5883838383838385
931,0.3863636363636364
932,0.4151313802476594
933,0.53397765025672
934,0.36111111111111105
935,0.16666666666666666
936,0.2979591836734694
937,0.4
938,0.5081
939,0.49389999999999995
940,0.40588235294117647
941,0.5352941176470588
942,0.40104925677645
943,0.8407169921305742
944,0.4072222222222222
945,0.4411111111111111
946,0.4266917293233083
947,0.7218045112781956
948,0.4987468671679198
949,0.5072055137844612
950,0.32403055229142186
951,0.7852526439482962
952,0.859766683604336
953,0.24839092140921412
954,0.4962406015037594
955,0.3834586466165414
956,0.47348484848484845
957,0.7929292929292929
958,0.4305345816973724
959,0.5380549682875264
960,0.3611111111111111
961,0.5555555555555556
962,0.15918367346938775
963,0.5591836734693878
964,0.5895
965,0.5269999999999999
966,0.32941176470588235
967,0.4
968,0.4072222222222222
969,0.3566666666666667
970,0.38533834586466165
971,0.7969924812030075
972,0.5093984962406015
973,0.4417293233082707
974,0.377497062279671
975,0.4964747356051703
976,0.4444444444444444
977,0.2777777777777778
978,0.8084032012195121
979,0.2771637872628726
980,0.4887218045112782
981,0.30451127819548873
982,0.5833333333333333
983,0.5631313131313131
984,0.4613409845967986
985,0.5675022651766838
986,0.19444444444444442
987,0.3055555555555555
988,0.13877551020408163
989,0.8122448979591836
990,0.5406000000000001
991,0.5606
992,0.3529411764705882
993,0.5323529411764706
994,0.5394736842105263
995,0.5582706766917294
996,0.531328320802005
997,0.506265664160401
998,0.3716216216216216
999,0.6586368977673325
1000,0.6111111111111112
1001,0.7651515151515151
1002,0.5266535789791604
1003,0.4900332225913621
1004,0.44285714285714284
1005,0.5306122448979592
1006,0.5571
1007,0.5678
1008,0.538235294117647
1009,0.37058823529411766
1010,0.4974937343358396
1011,0.48433583959899745
1012,0.377497062279671
1013,0.41392479435957696
1014,0.16666666666666669
1015,0.6666666666666667
1016,0.8084032012195121
1017,0.599974593495935
1018,0.5037593984962406
1019,0.4887218045112782
1020,0.6047979797979798
1021,0.6792929292929293
1022,0.4158864391422531
1023,0.5025672002416188
1024,0.19444444444444442
1025,0.6111111111111112
1026,0.43673469387755104
1027,0.7061224489795919
1028,0.5038
1029,0.5148
1030,0.37058823529411766
1031,0.4588235294117647
1032,0.3484136310223267
1033,0.5290834312573442
1034,0.22222222222222224
1035,0.3888888888888889
1036,0.8084032012195121
1037,0.337059620596206
1038,0.5112781954887218
1039,0.443609022556391
1040,0.6186868686868687
1041,0.7083333333333334
1042,0.4223799456357596
1043,0.5576864995469647
1044,0.19444444444444442
1045,0.5277777777777777
1046,0.4489795918367347
1047,0.7979591836734694
1048,0.5006999999999999
1049,0.45715000000000006
1050,0.3941176470588235
1051,0.6529411764705882
1052,0.37593984962406013
1053,0.631578947368421
1054,0.4406565656565657
1055,0.3686868686868687
1056,0.4336303231652069
1057,0.4426155240108729
1058,0.25
1059,0.3333333333333333
1060,0.10204081632653061
1061,0.40408163265306124
1062,0.5688000000000002
1063,0.5443
1064,0.3647058823529412
1065,0.33529411764705885
1066,0.393939393939394
1067,0.3800505050505051
1068,0.4184536393838719
1069,0.5834340078526126
1070,0.7510204081632653
1071,0.14285714285714285
1072,0.46735000000000004
1073,0.5700000000000001
1074,0.4970588235294118
1075,0.6529411764705882
1076,0.4318181818181819
1077,0.5757575757575758
1078,0.535563273935367
1079,0.48112352763515553
1080,0.24081632653061225
1081,0.34285714285714286
1082,0.46325000000000005
1083,0.5078
1084,0.311764705882353
1085,0.30588235294117644
1086,0.37878787878787884
1087,0.4722222222222222
1088,0.4652672908486863
1089,0.524388402295379
1090,0.3333333333333333
1091,0.5833333333333334
1092,0.07755102040816327
1093,0.6
1094,0.4958
1095,0.4269
1096,0.2588235294117647
1097,0.6529411764705882
1098,0.4193597100573845
1099,0.5160827544548474
1100,0.2222222222222222
1101,0.25
1102,0.3795918367346939
1103,0.5755102040816327
1104,0.4802
1105,0.5842
1106,0.37058823529411766
1107,0.6058823529411765
1108,0.19444444444444442
1109,0.5277777777777778
1110,0.43673469387755104
1111,0.5489795918367346
1112,0.5038
1113,0.4564
1114,0.4
1115,0.5029411764705882
1116,0.07346938775510203
1117,0.8571428571428571
1118,0.5715999999999999
1119,0.3581
1120,0.4294117647058823
1121,0.488235294117647
1122,0.47929999999999995
1123,0.5782
1124,0.37058823529411766
1125,0.4176470588235294
1126,0.3705882352941176
1127,0.47941176470588237
1128,0.36064491695071144
1129,0.47489179245793434
1130,0.591282894736842
1131,0.5822368421052632
1132,0.41666666666666663
1133,0.7980769230769231
1134,0.5851393188854489
1135,0.24458204334365327
1136,0.5001457301078402
1137,0.35907898571844943
1138,0.34388888888888886
1139,0.5577777777777777
1140,0.4417293233082707
1141,0.3383458646616541
1142,0.5369674185463659
1143,0.4667919799498747
1144,0.5101351351351352
1145,0.48002350176263225
1146,0.2777777777777778
1147,0.7222222222222223
1148,0.5282647357723577
1149,0.3617886178861789
1150,0.5977443609022557
1151,0.7067669172932332
1152,0.22979797979797978
1153,0.3055555555555556
1154,0.4136212624584718
1155,0.4673814557535488
1156,0.19444444444444442
1157,0.5833333333333333
1158,0.689795918367347
1159,0.37142857142857144
1160,0.5756
1161,0.443
1162,0.2
1163,0.56
1164,0.3
1165,0.7235294117647059
1166,0.59375
1167,0.5476973684210525
1168,0.1826923076923077
1169,0.6474358974358975
1170,0.7987616099071208
1171,0.6594427244582043
1172,0.4004663363450888
1173,0.6549839696881375
1174,0.6827777777777777
1175,0.26666666666666666
1176,0.3909774436090226
1177,0.6090225563909775
1178,0.5388471177944862
1179,0.5144110275689223
1180,0.6289659224441833
1181,0.3163924794359577
1182,0.2777777777777778
1183,0.33333333333333337
1184,0.5282647357723577
1185,0.18864329268292684
1186,0.5939849624060151
1187,0.21052631578947367
1188,0.23484848484848486
1189,0.44696969696969696
1190,0.41807610993657507
1191,0.5039263062518877
1192,0.19444444444444442
1193,0.027777777777777776
1194,0.8
1195,0.6693877551020408
1196,0.6348
1197,0.47009999999999996
1198,0.3764705882352941
1199,0.33529411764705885
1200,0.5833333333333334
1201,0.842948717948718
1202,0.4829721362229103
1203,0.49380804953560375
1204,0.3475663071990673
1205,0.45176333430486737
1206,0.21555555555555556
1207,0.5516666666666667
1208,0.2857142857142857
1209,0.37781954887218044
1210,0.518483709273183
1211,0.47117794486215536
1212,0.4203877790834312
1213,0.6360164512338425
1214,0.2222222222222222
1215,0.7500000000000001
1216,0.612781954887218
1217,0.5338345864661654
1218,0.2676767676767677
1219,0.712121212121212
1220,0.4358199939595288
1221,0.547568710359408
1222,0.16666666666666666
1223,0.6944444444444444
1224,0.8081632653061225
1225,0.7142857142857143
1226,0.5262
1227,0.5135000000000001
1228,0.2823529411764706
1229,0.5294117647058822
1230,0.6563467492260062
1231,0.411764705882353
1232,0.432818420285631
1233,0.3038472748469834
1234,0.1822222222222222
1235,0.6422222222222222
1236,0.4379699248120301
1237,0.3421052631578948
1238,0.543233082706767
1239,0.474937343358396
1240,0.46166274970622795
1241,0.21034077555816685
1242,0.4722222222222222
1243,0.33333333333333337
1244,0.5282647357723577
1245,0.5031122967479675
1246,0.5526315789473684
1247,0.4586466165413534
1248,0.25126262626262624
1249,0.1994949494949495
1250,0.4223799456357596
1251,0.40018121413470253
1252,0.4166666666666667
1253,0.08333333333333333
1254,0.8040816326530611
1255,0.5061224489795919
1256,0.5977
1257,0.48630000000000007
1258,0.31176470588235294
1259,0.5117647058823529
1260,0.451034683765666
1261,0.8002040221509763
1262,0.18
1263,0.3477777777777778
1264,0.443609022556391
1265,0.6992481203007519
1266,0.49937343358395997
1267,0.5281954887218044
1268,0.5240893066980024
1269,0.8034665099882491
1270,0.5
1271,0.22222222222222224
1272,0.6466165413533834
1273,0.2706766917293233
1274,0.3383838383838384
1275,0.7537878787878788
1276,0.4287224403503473
1277,0.540546662639686
1278,0.3333333333333333
1279,0.4166666666666667
1280,0.7755102040816327
1281,0.7510204081632653
1282,0.5428
1283,0.4467
1284,0.38235294117647056
1285,0.3411764705882353
1286,0.7649999999999999
1287,0.1411111111111111
1288,0.5526315789473685
1289,0.8383458646616542
1290,0.5410401002506265
1291,0.47337092731829566
1292,0.5675675675675675
1293,0.47855464159811983
1294,0.4444444444444445
1295,0.6111111111111112
1296,0.5282647357723577
1297,0.3274263211382114
1298,0.6353383458646616
1299,0.39097744360902253
1300,0.24494949494949497
1301,0.45202020202020204
1302,0.41784959226819696
1303,0.5786771368166718
1304,0.2777777777777778
1305,0.4444444444444444
1306,0.7959183673469388
1307,0.8734693877551021
1308,0.57875
1309,0.53175
1310,0.31176470588235294
1311,0.3088235294117647
1312,0.5140977443609023
1313,0.6672932330827068
1314,0.49248120300751874
1315,0.48026315789473684
1316,0.6401292596944771
1317,0.658930669800235
1318,0.5
1319,0.3888888888888889
1320,0.4318181818181819
1321,0.7297979797979799
1322,0.4725158562367865
1323,0.4778012684989429
1324,0.3055555555555556
1325,0.8611111111111112
1326,0.2510204081632653
1327,0.6122448979591837
1328,0.5135000000000001
1329,0.45630000000000004
1330,0.4411764705882353
1331,0.3176470588235294
1332,0.5200501253132832
1333,0.4906015037593984
1334,0.613689776733255
1335,0.6398354876615746
1336,0.3611111111111111
1337,0.7777777777777778
1338,0.5282647357723577
1339,0.7165269308943089
1340,0.5902255639097744
1341,0.30451127819548873
1342,0.23484848484848486
1343,0.6464646464646464
1344,0.42056780428873447
1345,0.5635004530353367
1346,0.3055555555555556
1347,0.4583333333333333
1348,0.7306122448979592
1349,0.5591836734693878
1350,0.5772999999999999
1351,0.44730000000000003
1352,0.28823529411764703
1353,0.5058823529411764
1354,0.5652173913043478
1355,0.527027027027027
1356,0.2777777777777778
1357,0.7222222222222222
1358,0.5676691729323309
1359,0.518796992481203
1360,0.2272727272727273
1361,0.6717171717171718
1362,0.42449411054062214
1363,0.6026880096647538
1364,0.16666666666666666
1365,0.6111111111111112
1366,0.6938775510204082
1367,0.25918367346938775
1368,0.5613
1369,0.47354999999999997
1370,0.38
1371,0.48
1372,0.3352941176470588
1373,0.34411764705882353
1374,0.44444444444444453
1375,0.5
1376,0.6015037593984962
1377,0.4962406015037594
1378,0.4393939393939394
1379,0.6426767676767676
1380,0.42947749924494116
1381,0.5138175777710662
1382,0.2777777777777778
1383,0.4722222222222222
1384,0.7836734693877552
1385,0.7142857142857142
1386,0.5088999999999999
1387,0.5741999999999999
1388,0.40588235294117647
1389,0.43529411764705883
1390,0.351010101010101
1391,0.7070707070707071
1392,0.42555119299305344
1393,0.5040773180308065
1394,0.45833333333333337
1395,0.7361111111111112
1396,0.3102040816326531
1397,0.21428571428571427
1398,0.49990000000000007
1399,0.4586
1400,0.47058823529411764
1401,0.8205882352941176
1402,0.41815161582603444
1403,0.49879190576864996
1404,0.1142857142857143
1405,0.38775510204081637
1406,0.5948
1407,0.5725
1408,0.588235294117647
1409,0.3294117647058823
1410,0.4002525252525253
1411,0.3787878787878788
1412,0.4324977348233162
1413,0.4257022047719722
1414,0.5972222222222222
1415,0.7777777777777778
1416,0.636734693877551
1417,0.35510204081632657
1418,0.5316000000000001
1419,0.41175
1420,0.39411764705882346
1421,0.3352941176470588
1422,0.4183026276049532
1423,0.4984143763213531
1424,0.3055555555555556
1425,0.38888888888888884
1426,0.6938775510204082
1427,0.746938775510204
1428,0.6004
1429,0.48855
1430,0.38823529411764707
1431,0.5411764705882353
1432,0.19444444444444442
1433,0.5555555555555556
1434,0.7183673469387755
1435,0.10612244897959183
1436,0.5683
1437,0.4643999999999999
1438,0.2
1439,1.0
1440,0.2647058823529411
1441,0.3176470588235294
1442,0.33061224489795915
1443,0.8408163265306123
1444,0.5072999999999999
1445,0.3498
1446,0.38235294117647056
1447,0.43529411764705883
1448,0.5811
1449,0.5557000000000001
1450,0.2647058823529411
1451,0.28823529411764703
1452,0.3176470588235294
1453,0.31176470588235294
1454,0.5148026315789473
1455,0.6167763157894737
1456,0.6217948717948718
1457,0.34615384615384615
1458,0.15479876160990713
1459,0.6904024767801857
1460,0.3111337802389974
1461,0.5121684640046633
1462,0.5944444444444444
1463,0.2288888888888889
1464,0.29699248120300753
1465,0.5686090225563909
1466,0.4548872180451128
1467,0.4884085213032582
1468,0.48854289071680373
1469,0.32564629847238546
1470,0.5555555555555556
1471,0.5555555555555557
1472,0.5242843834688347
1473,0.28870257452574527
1474,0.6691729323308271
1475,0.24060150375939854
1476,0.3914141414141414
1477,0.5580808080808081
1478,0.46345514950166117
1479,0.4984143763213531
1480,0.6666666666666667
1481,0.4166666666666667
1482,0.363265306122449
1483,0.6591836734693877
1484,0.47409999999999997
1485,0.49095000000000005
1486,0.52
1487,0.36
1488,0.5176470588235293
1489,0.39999999999999997
1490,0.3717948717948718
1491,0.9102564102564104
1492,0.20123839009287928
1493,0.5603715170278638
1494,0.4628388225007286
1495,0.3035558146313028
1496,0.8066666666666668
1497,0.6277777777777778
1498,0.41353383458646614
1499,0.3327067669172932
1500,0.4655388471177945
1501,0.4649122807017544
1502,0.5282021151586369
1503,0.4673913043478261
1504,0.4444444444444444
1505,0.6666666666666667
1506,0.3006224593495935
1507,0.4028836382113821
1508,0.6541353383458646
1509,0.5488721804511278
1510,0.22474747474747475
1511,0.5883838383838385
1512,0.45182724252491696
1513,0.5845665961945032
1514,0.5277777777777778
1515,0.75
1516,0.29387755102040813
1517,0.8040816326530612
1518,0.538
1519,0.43390000000000006
1520,0.48000000000000004
1521,0.68
1522,0.5647058823529412
1523,0.6235294117647059
1524,0.13622291021671828
1525,0.14241486068111459
1526,0.38370737394345666
1527,0.21218303701544738
1528,0.6866666666666668
1529,0.6888888888888889
1530,0.3665413533834586
1531,0.32706766917293234
1532,0.4724310776942356
1533,0.4536340852130326
1534,0.5884253819036428
1535,0.20769682726204464
1536,0.6666666666666666
1537,0.38888888888888895
1538,0.5242843834688347
1539,0.45551744579945797
1540,0.7293233082706767
1541,0.5714285714285714
1542,0.2398989898989899
1543,0.16666666666666669
1544,0.4411054062216853
1545,0.39459377831470854
1546,0.6388888888888888
1547,0.16666666666666669
1548,0.20816326530612245
1549,0.5428571428571429
1550,0.5581
1551,0.5306
1552,0.4
1553,0.64
1554,0.5
1555,0.6352941176470588
1556,0.22617312736811424
1557,0.8394054211600116
1558,0.5588888888888889
1559,0.1522222222222222
1560,0.27631578947368424
1561,0.7650375939849625
1562,0.47243107769423553
1563,0.5269423558897243
1564,0.604289071680376
1565,0.7931844888366628
1566,0.7222222222222223
1567,0.7222222222222223
1568,0.38359586720867206
1569,0.4348852472899729
1570,0.7293233082706767
1571,0.20300751879699247
1572,0.5050505050505051
1573,0.7676767676767676
1574,0.4589247961340985
1575,0.5602536997885835
1576,0.5555555555555556
1577,0.6388888888888888
1578,0.22857142857142856
1579,0.7673469387755102
1580,0.4495
1581,0.4798
1582,0.44
1583,0.19999999999999998
1584,0.6235294117647059
1585,0.31176470588235294
1586,0.6455555555555555
1587,0.1711111111111111
1588,0.40601503759398494
1589,0.8590225563909775
1590,0.47180451127819556
1591,0.4736842105263158
1592,0.5681551116333725
1593,0.3883666274970623
1594,0.6666666666666666
1595,0.5
1596,0.5242843834688347
1597,0.2779259823848238
1598,0.7293233082706767
1599,0.31203007518796994
1600,0.23484848484848483
1601,0.7702020202020202
1602,0.5134400483237692
1603,0.5619148293566898
1604,0.4166666666666667
1605,0.3472222222222222
1606,0.10612244897959183
1607,0.8571428571428572
1608,0.5614
1609,0.4646
1610,0.6
1611,0.48
1612,0.5235294117647059
1613,0.44999999999999996
1614,0.4191729323308271
1615,0.6390977443609024
1616,0.47619047619047616
1617,0.47305764411027573
1618,0.4885428907168037
1619,0.6330787309048179
1620,0.6111111111111113
1621,0.33333333333333337
1622,0.4887218045112782
1623,0.6165413533834586
1624,0.5681818181818182
1625,0.6717171717171717
1626,0.5003020235578375
1627,0.4844457867713682
1628,0.5833333333333334
1629,0.8055555555555556
1630,0.4448979591836735
1631,0.8040816326530613
1632,0.4442
1633,0.46109999999999995
1634,0.31999999999999995
1635,0.2
1636,0.4235294117647059
1637,0.29705882352941176
1638,0.4724310776942356
1639,0.47305764411027573
1640,0.6060517038777908
1641,0.6683313748531139
1642,0.7222222222222223
1643,0.6388888888888888
1644,0.5242843834688347
1645,0.6839430894308943
1646,0.7218045112781957
1647,0.5338345864661653
1648,0.2777777777777778
1649,0.7070707070707071
1650,0.47946239806704927
1651,0.5351857444880701
1652,0.4166666666666667
1653,0.9722222222222222
1654,0.10612244897959183
1655,0.6489795918367347
1656,0.5779
1657,0.49689999999999995
1658,0.6
1659,0.42
1660,0.5058823529411764
1661,0.49411764705882355
1662,0.5857814336075206
1663,0.3764688601645123
1664,0.5555555555555556
1665,0.6666666666666667
1666,0.42498729674796754
1667,0.337059620596206
1668,0.7218045112781957
1669,0.3609022556390977
1670,0.2651515151515152
1671,0.5606060606060607
1672,0.49697976442162495
1673,0.6119752340682574
1674,0.4444444444444444
1675,0.7083333333333334
1676,0.08163265306122448
1677,0.43673469387755104
1678,0.5801
1679,0.5142500000000001
1680,0.44000000000000006
1681,0.48
1682,0.49999999999999994
1683,0.5882352941176471
1684,0.7222222222222223
1685,0.5555555555555556
1686,0.6616541353383458
1687,0.4661654135338346
1688,0.5984848484848484
1689,0.6868686868686869
1690,0.49395952884324984
1691,0.5086831772878284
1692,0.7222222222222222
1693,0.611111111111111
1694,0.17959183673469387
1695,0.9877551020408164
1696,0.5033
1697,0.5011000000000001
1698,0.64
1699,0.24
1700,0.4941176470588235
1701,0.5088235294117647
1702,0.6541353383458648
1703,0.5864661654135338
1704,0.44191919191919193
1705,0.6893939393939394
1706,0.4586227725762609
1707,0.5092117185140441
1708,0.4444444444444445
1709,0.8611111111111112
1710,0.3755102040816326
1711,0.2653061224489796
1712,0.45670000000000005
1713,0.52045
1714,0.8
1715,0.48
1716,0.8411764705882353
1717,0.7294117647058823
1718,0.5252525252525252
1719,0.5101010101010102
1720,0.5900030202355784
1721,0.466626396858955
1722,0.2653061224489796
1723,0.4
1724,0.6272000000000002
1725,0.5009
1726,0.40588235294117647
1727,0.34705882352941175
1728,0.6111111111111112
1729,0.4166666666666667
1730,0.4687405617638176
1731,0.42449411054062214
1732,0.75
1733,0.7777777777777778
1734,0.7224489795918367
1735,0.4163265306122449
1736,0.45930000000000004
1737,0.43610000000000004
1738,0.5588235294117647
1739,0.3411764705882353
1740,0.4948655995167623
1741,0.42117185140440955
1742,0.4722222222222222
1743,0.5555555555555556
1744,0.10204081632653061
1745,0.8857142857142857
1746,0.5663
1747,0.4275999999999999
1748,0.6000000000000001
1749,0.5599999999999999
1750,0.5352941176470588
1751,0.5647058823529412
1752,0.5
1753,0.4722222222222222
1754,0.08571428571428572
1755,0.39999999999999997
1756,0.5776
1757,0.45109999999999995
1758,0.44
1759,0.6
1760,0.5176470588235295
1761,0.27941176470588236
1762,0.7224489795918367
1763,0.8163265306122449
1764,0.5296000000000001
1765,0.3864
1766,0.56
1767,0.56
1768,0.7352941176470589
1769,0.4176470588235294
1770,0.5761
1771,0.5636
1772,0.56
1773,0.39999999999999997
1774,0.5529411764705883
1775,0.4470588235294118
1776,0.4
1777,0.52
1778,0.6176470588235294
1779,0.5058823529411764
1780,0.16666666666666669
1781,0.7724358974358975
1782,0.6006191950464397
1783,0.5077399380804953
1784,0.5592392888370736
1785,0.40046633634508894
1786,0.4477777777777778
1787,0.5933333333333333
1788,0.6419172932330828
1789,0.4567669172932331
1790,0.5081453634085212
1791,0.47243107769423565
1792,0.3535546415981199
1793,0.47047591069330197
1794,0.5
1795,0.6111111111111113
1796,0.413893123306233
1797,0.4028836382113821
1798,0.21804511278195493
1799,0.5488721804511278
1800,0.5883838383838383
1801,0.547979797979798
1802,0.4710812443370583
1803,0.5815463606161281
1804,0.3055555555555555
1805,0.75
1806,0.8612244897959185
1807,0.7020408163265306
1808,0.4124
1809,0.4189
1810,0.6000000000000001
1811,0.56
1812,0.5617647058823529
1813,0.5117647058823529
1814,0.5820433436532507
1815,0.13003095975232198
1816,0.4216700670358496
1817,0.3061789565724279
1818,0.7144444444444444
1819,0.6722222222222222
1820,0.6635338345864661
1821,0.4943609022556391
1822,0.4758771929824561
1823,0.46177944862155385
1824,0.3113983548766157
1825,0.24030552291421856
1826,0.6111111111111112
1827,0.38888888888888895
1828,0.28870257452574527
1829,0.45551744579945797
1830,0.2030075187969925
1831,0.5488721804511278
1832,0.7020202020202021
1833,0.21717171717171718
1834,0.41075203865901544
1835,0.4119601328903654
1836,0.3611111111111111
1837,0.08333333333333333
1838,0.5959183673469388
1839,0.46938775510204084
1840,0.45220000000000005
1841,0.46799999999999997
1842,0.56
1843,0.64
1844,0.4676470588235294
1845,0.5588235294117647
1846,0.46138152142232586
1847,0.8453803555814632
1848,0.7477777777777778
1849,0.19888888888888887
1850,0.5563909774436091
1851,0.768796992481203
1852,0.47619047619047616
1853,0.5031328320802005
1854,0.3337250293772033
1855,0.8301997649823737
1856,0.38888888888888895
1857,0.6666666666666667
1858,0.4139989837398374
1859,0.4348852472899729
1860,0.22556390977443613
1861,0.19548872180451127
1862,0.5530303030303031
1863,0.7601010101010102
1864,0.4772727272727273
1865,0.5531561461794021
1866,0.5277777777777778
1867,0.6111111111111112
1868,0.6938775510204082
1869,0.6489795918367347
1870,0.42785
1871,0.48629999999999995
1872,0.32
1873,0.58
1874,0.48235294117647065
1875,0.2941176470588235
1876,0.7022222222222222
1877,0.15944444444444444
1878,0.5695488721804511
1879,0.8421052631578948
1880,0.506265664160401
1881,0.4692982456140351
1882,0.3266745005875441
1883,0.6509988249118683
1884,0.4444444444444444
1885,0.6666666666666669
1886,0.28870257452574527
1887,0.2779259823848238
1888,0.18796992481203012
1889,0.3082706766917293
1890,0.6186868686868686
1891,0.7727272727272728
1892,0.4417094533373603
1893,0.5641045001510118
1894,0.75
1895,0.3472222222222222
1896,0.5224489795918368
1897,0.6326530612244898
1898,0.45825000000000005
1899,0.43339999999999995
1900,0.24000000000000005
1901,0.3600000000000001
1902,0.47058823529411764
1903,0.4294117647058823
1904,0.4718045112781955
1905,0.6766917293233082
1906,0.462406015037594
1907,0.48934837092731825
1908,0.4162749706227967
1909,0.6524676850763808
1910,0.7222222222222223
1911,0.3888888888888889
1912,0.32330827067669177
1913,0.5112781954887218
1914,0.5126262626262625
1915,0.6843434343434344
1916,0.5378284506191483
1917,0.47538508003624286
1918,0.8333333333333333
1919,0.75
1920,0.5224489795918368
1921,0.9020408163265305
1922,0.5156999999999999
1923,0.49524999999999997
1924,0.28
1925,0.52
1926,0.3764705882352941
1927,0.3823529411764706
1928,0.4849624060150376
1929,0.48308270676691734
1930,0.32814336075205647
1931,0.681551116333725
1932,0.3888888888888889
1933,0.5555555555555556
1934,0.28870257452574527
1935,0.6839430894308943
1936,0.20300751879699253
1937,0.6428571428571428
1938,0.7297979797979797
1939,0.7272727272727273
1940,0.43891573542736334
1941,0.5232558139534884
1942,0.5555555555555556
1943,0.9444444444444444
1944,0.8285714285714285
1945,0.6836734693877551
1946,0.47385
1947,0.45
1948,0.32
1949,0.39999999999999997
1950,0.44705882352941173
1951,0.5088235294117647
1952,0.31991774383078736
1953,0.4112808460634547
1954,0.4444444444444445
1955,0.6666666666666667
1956,0.2991827574525745
1957,0.337059620596206
1958,0.1879699248120301
1959,0.4887218045112782
1960,0.45075757575757575
1961,0.6527777777777777
1962,0.5064180006040472
1963,0.6230745998187859
1964,0.4722222222222222
1965,0.7083333333333334
1966,0.8428571428571429
1967,0.7999999999999999
1968,0.45665000000000006
1969,0.44410000000000005
1970,0.48
1971,0.6000000000000001
1972,0.44705882352941173
1973,0.48235294117647065
1974,0.33333333333333337
1975,0.5
1976,0.15789473684210525
1977,0.4736842105263158
1978,0.4936868686868687
1979,0.6464646464646465
1980,0.4781032920567804
1981,0.5197825430383569
1982,0.08333333333333333
1983,0.611111111111111
1984,0.436734693877551
1985,0.9306122448979591
1986,0.44925000000000004
1987,0.49710000000000004
1988,0.34705882352941175
1989,0.5558823529411765
1990,0.3609022556390977
1991,0.5864661654135338
1992,0.41161616161616155
1993,0.7929292929292929
1994,0.5064935064935066
1995,0.45952884324977344
1996,0.47222222222222215
1997,0.7777777777777778
1998,0.2816326530612245
1999,0.15714285714285714
2000,0.5069
2001,0.5227
2002,0.44
2003,0.52
2004,0.19411764705882353
2005,0.7352941176470588
2006,0.4292929292929293
2007,0.5101010101010102
2008,0.5225007550588945
2009,0.466626396858955
2010,0.8081632653061224
2011,0.4
2012,0.38549999999999995
2013,0.5009
2014,0.4529411764705883
2015,0.34705882352941175
2016,0.3585858585858587
2017,0.3901515151515152
2018,0.5534581697372396
2019,0.4849743279975839
2020,0.2222222222222222
2021,0.7777777777777778
2022,0.7877551020408163
2023,0.4448979591836735
2024,0.47670000000000007
2025,0.44799999999999995
2026,0.4294117647058824
2027,0.40588235294117647
2028,0.47319540924192094
2029,0.4099969797644216
2030,0.3888888888888889
2031,0.5138888888888888
2032,0.5183673469387755
2033,0.8122448979591836
2034,0.49865000000000004
2035,0.43959999999999994
2036,0.39999999999999997
2037,0.54
2038,0.40294117647058825
2039,0.5470588235294118
2040,0.4166666666666667
2041,0.7777777777777778
2042,0.5918367346938775
2043,0.15510204081632656
2044,0.4612
2045,0.4647
2046,0.36
2047,0.48
2048,0.42647058823529416
2049,0.3058823529411765
2050,0.363265306122449
2051,0.8244897959183672
2052,0.5174000000000001
2053,0.38539999999999996
2054,0.44
2055,0.44000000000000006
2056,0.3058823529411765
2057,0.4176470588235294
2058,0.47785
2059,0.5849
2060,0.4
2061,0.44
2062,0.36176470588235293
2063,0.4647058823529412
2064,0.6000000000000001
2065,0.24
2066,0.47352941176470587
2067,0.4411764705882353
2068,0.4396284829721362
2069,0.588235294117647
2070,0.4084814922763042
2071,0.39215972019819295
2072,0.5922222222222222
2073,0.5733333333333334
2074,0.40225563909774437
2075,0.387218045112782
2076,0.4674185463659148
2077,0.4943609022556391
2078,0.4546122209165687
2079,0.2162162162162162
2080,0.6944444444444444
2081,0.22222222222222224
2082,0.4028836382113821
2083,0.6389841632791329
2084,0.5939849624060151
2085,0.5037593984962406
2086,0.5808080808080809
2087,0.41666666666666663
2088,0.5493808517064331
2089,0.4655693144065237
2090,0.8194444444444444
2091,0.0
2092,0.7551020408163266
2093,0.39591836734693886
2094,0.40859999999999996
2095,0.4999
2096,0.44
2097,0.56
2098,0.711764705882353
2099,0.48823529411764705
2100,0.37277761585543573
2101,0.8480034975225881
2102,0.5788888888888889
2103,0.49666666666666665
2104,0.3815789473684211
2105,0.7593984962406015
2106,0.4799498746867168
2107,0.5018796992481203
2108,0.6410105757931844
2109,0.8325499412455935
2110,0.6944444444444444
2111,0.4444444444444444
2112,0.4028836382113821
2113,0.24839092140921412
2114,0.5864661654135339
2115,0.2180451127819549
2116,0.7575757575757577
2117,0.7626262626262627
2118,0.5887949260042283
2119,0.5517215342796739
2120,0.8055555555555556
2121,0.5694444444444444
2122,0.8122448979591836
2123,0.9306122448979592
2124,0.41679999999999995
2125,0.4309
2126,0.68
2127,0.6399999999999999
2128,0.5882352941176471
2129,0.5
2130,0.58
2131,0.3244444444444445
2132,0.34022556390977443
2133,0.8157894736842105
2134,0.46741854636591484
2135,0.4871553884711779
2136,0.49030552291421853
2137,0.3989424206815511
2138,0.6666666666666667
2139,0.6111111111111113
2140,0.4028836382113821
2141,0.2613482384823848
2142,0.5714285714285714
2143,0.3458646616541353
2144,0.6085858585858586
2145,0.7348484848484849
2146,0.606916339474479
2147,0.5502114164904862
2148,0.75
2149,0.1111111111111111
2150,0.7877551020408163
2151,0.8571428571428572
2152,0.4438
2153,0.5287
2154,0.76
2155,0.56
2156,0.588235294117647
2157,0.4823529411764706
2158,0.5516917293233083
2159,0.4642857142857143
2160,0.5122180451127819
2161,0.47869674185463656
2162,0.4112808460634547
2163,0.7109283196239718
2164,0.6035353535353536
2165,0.5303030303030303
2166,0.40448504983388706
2167,0.4239655693144065
2168,0.9444444444444444
2169,0.638888888888889
2170,0.48163265306122444
2171,0.4448979591836735
2172,0.4147
2173,0.41535
2174,0.5588235294117647
2175,0.4764705882352941
2176,0.4674185463659148
2177,0.4755639097744361
2178,0.5014688601645123
2179,0.42890716803760287
2180,0.6666666666666667
2181,0.4444444444444445
2182,0.4028836382113821
2183,0.42157859078590787
2184,0.5488721804511278
2185,0.6541353383458647
2186,0.5934343434343435
2187,0.45707070707070707
2188,0.5900030202355784
2189,0.5504379341588643
2190,0.75
2191,0.6388888888888888
2192,0.8081632653061226
2193,0.8204081632653061
2194,0.43620000000000003
2195,0.4942
2196,0.68
2197,0.6
2198,0.6529411764705881
2199,0.4882352941176471
2200,0.45299647473560517
2201,0.3584018801410106
2202,0.6666666666666667
2203,0.7777777777777778
2204,0.4028836382113821
2205,0.6311399051490515
2206,0.5639097744360902
2207,0.42105263157894735
2208,0.5303030303030304
2209,0.40909090909090906
2210,0.5904560555723346
2211,0.5675777710661432
2212,0.75
2213,0.6111111111111112
2214,0.8204081632653061
2215,0.5530612244897959
2216,0.4356
2217,0.47195
2218,0.68
2219,0.56
2220,0.6000000000000001
2221,0.6323529411764706
2222,0.5555555555555556
2223,0.5277777777777779
2224,0.5488721804511278
2225,0.5789473684210527
2226,0.75
2227,0.8106060606060606
2228,0.5696164300815464
2229,0.5218212020537601
2230,0.8333333333333334
2231,0.5555555555555556
2232,0.5102040816326531
2233,0.9183673469387755
2234,0.40829999999999994
2235,0.523
2236,0.5823529411764706
2237,0.41470588235294115
2238,0.547979797979798
2239,0.6830808080808081
2240,0.5606312292358804
2241,0.5301268498942917
2242,0.6111111111111112
2243,0.8611111111111112
2244,0.27346938775510204
2245,0.22857142857142856
2246,0.4998
2247,0.53085
2248,0.6882352941176471
2249,0.7294117647058823
2250,0.3939393939393939
2251,0.6212121212121213
2252,0.4667774086378738
2253,0.50120809423135
2254,0.36122448979591837
2255,0.2816326530612245
2256,0.42175
2257,0.4704
2258,0.44705882352941173
2259,0.44117647058823534
2260,0.3156565656565657
2261,0.3446969696969697
2262,0.4201147689519783
2263,0.39731199033524617
2264,0.8055555555555556
2265,0.6666666666666666
2266,0.5755102040816326
2267,0.24081632653061222
2268,0.49115
2269,0.4611
2270,0.4411764705882353
2271,0.2941176470588235
2272,0.591513138024766
2273,0.47191180912111147
2274,0.75
2275,0.5833333333333334
2276,0.8448979591836735
2277,0.7877551020408162
2278,0.4376
2279,0.4822
2280,0.72
2281,0.64
2282,0.5823529411764706
2283,0.5352941176470589
2284,0.75
2285,0.5
2286,0.8081632653061226
2287,0.15918367346938775
2288,0.43620000000000003
2289,0.49675
2290,0.68
2291,0.92
2292,0.6352941176470588
2293,0.44705882352941173
2294,0.24081632653061227
2295,0.8122448979591836
2296,0.4637
2297,0.3854000000000001
2298,0.711764705882353
2299,0.4529411764705882
2300,0.4249
2301,0.5638000000000001
2302,0.62
2303,0.56
2304,0.6235294117647059
2305,0.4117647058823529
2306,0.45999999999999996
2307,0.36000000000000004
2308,0.6235294117647059
2309,0.34705882352941175
2310,0.3206062372486156
2311,0.8412999125619354
2312,0.63
2313,0.3055555555555556
2314,0.3834586466165414
2315,0.7575187969924813
2316,0.4573934837092732
2317,0.5288220551378446
2318,0.231786133960047
2319,0.8296122209165687
2320,0.22222222222222224
2321,0.5833333333333334
2322,0.6680851964769647
2323,0.4348852472899729
2324,0.6240601503759399
2325,0.2030075187969925
2326,0.1893939393939394
2327,0.7803030303030304
2328,0.4580187254605859
2329,0.553156146179402
2330,0.08333333333333333
2331,0.6388888888888888
2332,0.35510204081632646
2333,0.7877551020408163
2334,0.553
2335,0.4739999999999999
2336,0.6799999999999999
2337,0.56
2338,0.4941176470588235
2339,0.39999999999999997
2340,0.6311111111111111
2341,0.30833333333333335
2342,0.32706766917293234
2343,0.8458646616541354
2344,0.44611528822055135
2345,0.4580200501253133
2346,0.23971797884841367
2347,0.5073443008225618
2348,0.2777777777777778
2349,0.7222222222222223
2350,0.45551744579945797
2351,0.2779259823848238
2352,0.6240601503759399
2353,0.30075187969924816
2354,0.19949494949494953
2355,0.6767676767676768
2356,0.40667472062820903
2357,0.5731652068861373
2358,0.1111111111111111
2359,0.7083333333333333
2360,0.6
2361,0.8122448979591836
2362,0.512
2363,0.4919
2364,0.76
2365,0.6
2366,0.611764705882353
2367,0.3852941176470588
2368,0.47180451127819545
2369,0.6823308270676691
2370,0.47243107769423565
2371,0.5119047619047619
2372,0.3713278495887191
2373,0.7215041128084606
2374,0.3333333333333333
2375,0.38888888888888895
2376,0.4360902255639098
2377,0.5037593984962406
2378,0.20202020202020204
2379,0.7272727272727273
2380,0.4581697372395047
2381,0.5365448504983389
2382,0.08333333333333333
2383,0.8611111111111112
2384,0.39591836734693875
2385,0.7714285714285714
2386,0.6026
2387,0.55815
2388,0.76
2389,0.8400000000000001
2390,0.3529411764705882
2391,0.3823529411764706
2392,0.45927318295739344
2393,0.4862155388471179
2394,0.22796709753231492
2395,0.6605464159811987
2396,0.3888888888888889
2397,0.5
2398,0.45551744579945797
2399,0.6839430894308943
2400,0.5939849624060151
2401,0.6127819548872181
2402,0.1691919191919192
2403,0.7272727272727273
2404,0.4237390516460284
2405,0.5487768045907582
2406,0.08333333333333333
2407,0.4722222222222222
2408,0.5183673469387755
2409,0.39591836734693875
2410,0.5398000000000001
2411,0.5078
2412,0.72
2413,0.32
2414,0.6411764705882353
2415,0.5058823529411764
2416,0.2264982373678026
2417,0.36104582843713284
2418,0.33333333333333337
2419,0.6666666666666667
2420,0.4631182249322493
2421,0.337059620596206
2422,0.5714285714285714
2423,0.4887218045112782
2424,0.15404040404040403
2425,0.630050505050505
2426,0.42842041679250986
2427,0.6424796134098459
2428,0.16666666666666666
2429,0.5277777777777777
2430,0.5102040816326531
2431,0.6
2432,0.5124
2433,0.47645000000000004
2434,0.6799999999999999
2435,0.39999999999999997
2436,0.6058823529411765
2437,0.6
2438,0.33333333333333337
2439,0.5277777777777779
2440,0.48120300751879697
2441,0.5714285714285714
2442,0.2297979797979798
2443,0.7424242424242424
2444,0.44608879492600423
2445,0.5012836001208095
2446,0.16666666666666666
2447,0.6944444444444444
2448,0.6326530612244898
2449,0.7510204081632653
2450,0.4691
2451,0.5126
2452,0.5941176470588235
2453,0.5176470588235295
2454,0.37593984962406013
2455,0.5488721804511278
2456,0.16161616161616163
2457,0.6616161616161615
2458,0.413470250679553
2459,0.5567804288734521
2460,0.2222222222222222
2461,0.7083333333333334
2462,0.763265306122449
2463,0.17142857142857143
2464,0.5121
2465,0.4852
2466,0.3823529411764706
2467,0.7470588235294118
2468,0.25
2469,0.5101010101010102
2470,0.49743279975838117
2471,0.466626396858955
2472,0.12244897959183673
2473,0.4
2474,0.4836
2475,0.5009
2476,0.4647058823529412
2477,0.34705882352941175
2478,0.28535353535353536
2479,0.30808080808080807
2480,0.4651162790697675
2481,0.4664753850800363
2482,0.16666666666666669
2483,0.7222222222222223
2484,0.43673469387755104
2485,0.44897959183673475
2486,0.49360000000000004
2487,0.43609999999999993
2488,0.5235294117647059
2489,0.3323529411764705
2490,0.42358803986710963
2491,0.4936575052854122
2492,0.1388888888888889
2493,0.41666666666666663
2494,0.5673469387755102
2495,0.8
2496,0.46360000000000007
2497,0.48079999999999995
2498,0.72
2499,0.23999999999999996
2500,0.6352941176470588
2501,0.5647058823529412
2502,0.16666666666666669
2503,0.3055555555555556
2504,0.5183673469387755
2505,0.24489795918367346
2506,0.5403
2507,0.46275
2508,0.6000000000000001
2509,0.33999999999999997
2510,0.6
2511,0.2529411764705882
2512,0.6979591836734694
2513,0.8489795918367347
2514,0.5895
2515,0.3714
2516,0.4529411764705882
2517,0.5529411764705883
2518,0.4692
2519,0.6068
2520,0.56
2521,0.52
2522,0.5823529411764706
2523,0.44117647058823534
2524,0.6
2525,0.6000000000000001
2526,0.6000000000000001
2527,0.4852941176470589
2528,0.15111111111111114
2529,0.32333333333333336
2530,0.7556390977443609
2531,0.8665413533834587
2532,0.5319548872180452
2533,0.4699248120300752
2534,0.7840775558166863
2535,0.6183901292596945
2536,0.6111111111111113
2537,0.6111111111111113
2538,0.4348852472899729
2539,0.2626397357723577
2540,0.20300751879699247
2541,0.24812030075187974
2542,0.7702020202020202
2543,0.744949494949495
2544,0.5573844759891272
2545,0.5514950166112957
2546,0.625
2547,0.3888888888888889
2548,0.8408163265306122
2549,0.910204081632653
2550,0.4847
2551,0.5207999999999999
2552,0.39999999999999997
2553,0.56
2554,0.3294117647058823
2555,0.5294117647058824
2556,0.7518796992481203
2557,0.5864661654135338
2558,0.4323308270676692
2559,0.4949874686716792
2560,0.7091656874265571
2561,0.5423031727379554
2562,0.2777777777777778
2563,0.33333333333333337
2564,0.3533834586466165
2565,0.6240601503759399
2566,0.5328282828282829
2567,0.726010101010101
2568,0.5807157958320749
2569,0.4374811235276352
2570,0.6388888888888888
2571,1.0
2572,0.5755102040816327
2573,0.8571428571428571
2574,0.48195000000000005
2575,0.4671
2576,0.8
2577,0.48000000000000004
2578,0.4117647058823529
2579,0.5176470588235295
2580,0.5325814536340853
2581,0.48621553884711777
2582,0.7881903642773209
2583,0.54406580493537
2584,0.7222222222222223
2585,0.6111111111111112
2586,0.4348852472899729
2587,0.5431063685636857
2588,0.20300751879699247
2589,0.37969924812030076
2590,0.7626262626262628
2591,0.6944444444444445
2592,0.5619148293566898
2593,0.5323165206886137
2594,0.6111111111111112
2595,0.8055555555555556
2596,0.8122448979591836
2597,0.8653061224489796
2598,0.4823
2599,0.45454999999999995
2600,0.27999999999999997
2601,0.0
2602,0.32941176470588235
2603,0.47058823529411764
2604,0.7764394829612221
2605,0.4412455934195065
2606,0.6111111111111112
2607,0.888888888888889
2608,0.24839092140921412
2609,0.6311399051490515
2610,0.20300751879699247
2611,0.3609022556390977
2612,0.7626262626262627
2613,0.6881313131313131
2614,0.5607067351253399
2615,0.6124282694050136
2616,0.6388888888888888
2617,0.638888888888889
2618,0.8530612244897958
2619,0.8163265306122449
2620,0.46580000000000005
2621,0.46094999999999997
2622,0.27999999999999997
2623,0.52
2624,0.3352941176470588
2625,0.6058823529411765
2626,0.6666666666666667
2627,0.5
2628,0.406015037593985
2629,0.49624060150375937
2630,0.803030303030303
2631,0.7045454545454546
2632,0.5468136514648142
2633,0.5160827544548475
2634,0.611111111111111
2635,0.6388888888888888
2636,0.563265306122449
2637,0.8612244897959184
2638,0.4349
2639,0.5088
2640,0.3588235294117647
2641,0.5823529411764706
2642,0.5789473684210527
2643,0.6240601503759399
2644,0.7790404040404041
2645,0.7525252525252526
2646,0.5354877680459076
2647,0.488825128360012
2648,0.4444444444444444
2649,0.5833333333333333
2650,0.4408163265306122
2651,0.21428571428571427
2652,0.4764
2653,0.4859
2654,0.48235294117647054
2655,0.7411764705882353
2656,0.648989898989899
2657,0.5984848484848485
2658,0.5536846874056176
2659,0.49169435215946844
2660,0.7591836734693878
2661,0.2897959183673469
2662,0.4428
2663,0.46730000000000005
2664,0.5588235294117647
2665,0.43529411764705883
2666,0.6742424242424242
2667,0.4166666666666667
2668,0.5380549682875264
2669,0.47176079734219273
2670,0.6388888888888888
2671,0.7777777777777778
2672,0.8938775510204082
2673,0.2857142857142857
2674,0.55
2675,0.4066
2676,0.5117647058823529
2677,0.47058823529411764
2678,0.5548172757475083
2679,0.4506191482935669
2680,0.625
2681,0.5555555555555556
2682,0.7755102040816327
2683,0.7183673469387755
2684,0.5028
2685,0.5182
2686,0.4800000000000001
2687,0.34
2688,0.38235294117647056
2689,0.6588235294117648
2690,0.6111111111111112
2691,0.6111111111111112
2692,0.7959183673469388
2693,0.24897959183673468
2694,0.48860000000000003
2695,0.4301
2696,0.27999999999999997
2697,0.4
2698,0.32941176470588235
2699,0.31176470588235294
2700,0.8244897959183674
2701,0.7510204081632652
2702,0.43960000000000005
2703,0.406
2704,0.3294117647058824
2705,0.5529411764705882
2706,0.4745999999999999
2707,0.5722
2708,0.56
2709,0.24
2710,0.3058823529411765
2711,0.5941176470588235
2712,0.6399999999999999
2713,0.32
2714,0.36470588235294116
2715,0.4
2716,0.7941729323308271
2717,0.6071428571428571
2718,0.49624060150375937
2719,0.4962406015037595
2720,0.4224441833137485
2721,0.6195652173913044
2722,0.2777777777777778
2723,0.3888888888888889
2724,0.31578947368421056
2725,0.6240601503759399
2726,0.4532828282828283
2727,0.715909090909091
2728,0.5696919359710059
2729,0.5348837209302326
2730,0.05555555555555555
2731,0.9444444444444444
2732,0.9224489795918368
2733,0.6408163265306122
2734,0.536
2735,0.48850000000000005
2736,0.16000000000000003
2737,0.52
2738,0.4882352941176471
2739,0.5176470588235295
2740,0.47807017543859653
2741,0.4642857142857143
2742,0.39482961222091667
2743,0.7021151586368979
2744,0.4444444444444444
2745,0.5833333333333334
2746,0.2779259823848238
2747,0.6839430894308943
2748,0.31203007518796994
2749,0.5338345864661654
2750,0.7752525252525253
2751,0.7171717171717172
2752,0.5620658411356086
2753,0.5347327091513138
2754,0.375
2755,0.9722222222222222
2756,0.8244897959183672
2757,0.6367346938775511
2758,0.4572
2759,0.4529
2760,0.44000000000000006
2761,0.4
2762,0.45588235294117646
2763,0.4647058823529412
2764,0.3719153936545241
2765,0.3685370152761457
2766,0.3333333333333333
2767,0.5555555555555556
2768,0.2771637872628726
2769,0.337059620596206
2770,0.31203007518796994
2771,0.37969924812030076
2772,0.7803030303030303
2773,0.601010101010101
2774,0.5641800060404712
2775,0.5810933252793719
2776,0.16666666666666666
2777,0.5555555555555556
2778,0.8040816326530611
2779,0.8204081632653061
2780,0.4604
2781,0.46595000000000003
2782,0.43999999999999995
2783,0.6200000000000001
2784,0.4794117647058823
2785,0.6911764705882353
2786,0.6666666666666667
2787,0.41666666666666663
2788,0.1842105263157895
2789,0.4736842105263158
2790,0.7651515151515151
2791,0.7272727272727273
2792,0.5697674418604651
2793,0.5132890365448505
2794,0.38888888888888884
2795,0.611111111111111
2796,0.6326530612244897
2797,0.963265306122449
2798,0.4425
2799,0.5096
2800,0.8400000000000001
2801,0.24
2802,0.32941176470588235
2803,0.4941176470588235
2804,0.5338345864661654
2805,0.6240601503759399
2806,0.5340909090909091
2807,0.7550505050505051
2808,0.5187254605859257
2809,0.5258985200845666
2810,0.8055555555555556
2811,0.5416666666666667
2812,0.28979591836734697
2813,0.24285714285714285
2814,0.5277000000000001
2815,0.5507500000000001
2816,0.7294117647058823
2817,0.7735294117647058
2818,0.7348484848484849
2819,0.5101010101010102
2820,0.4844457867713682
2821,0.466626396858955
2822,0.7673469387755103
2823,0.4
2824,0.5785
2825,0.5009
2826,0.5941176470588235
2827,0.34705882352941175
2828,0.45707070707070707
2829,0.41414141414141414
2830,0.5510419812745394
2831,0.4267592872244035
2832,0.0
2833,0.7777777777777778
2834,0.5673469387755102
2835,0.40816326530612246
2836,0.56235
2837,0.42330000000000007
2838,0.5411764705882353
2839,0.3529411764705882
2840,0.5448504983388704
2841,0.4673814557535487
2842,0.4305555555555556
2843,0.4722222222222222
2844,0.8816326530612245
2845,0.7795918367346939
2846,0.48449999999999993
2847,0.4696
2848,0.6000000000000001
2849,0.7000000000000001
2850,0.46470588235294114
2851,0.6411764705882352
2852,0.375
2853,0.47222222222222215
2854,0.8163265306122449
2855,0.20408163265306123
2856,0.4655
2857,0.4578
2858,0.44000000000000006
2859,0.68
2860,0.45588235294117646
2861,0.19117647058823528
2862,0.39999999999999997
2863,0.8
2864,0.5596
2865,0.3864
2866,0.41764705882352937
2867,0.4176470588235294
2868,0.5441
2869,0.563
2870,0.5
2871,0.32000000000000006
2872,0.43823529411764706
2873,0.40588235294117647
2874,0.36
2875,0.44
2876,0.44999999999999996
2877,0.4294117647058824
2878,0.4855889724310777
2879,0.4636591478696742
2880,0.6213278495887192
2881,0.643948296122209
2882,0.3888888888888889
2883,0.16666666666666666
2884,0.6240601503759399
2885,0.39097744360902253
2886,0.7070707070707071
2887,0.6792929292929294
2888,0.48406825732407127
2889,0.5440954394442766
2890,1.0
2891,0.16666666666666666
2892,0.8204081632653062
2893,0.9510204081632653
2894,0.49645
2895,0.5001
2896,0.48000000000000004
2897,0.4
2898,0.5176470588235295
2899,0.3352941176470588
2900,0.5804935370152762
2901,0.41098707403055224
2902,0.22222222222222224
2903,0.33333333333333337
2904,0.6240601503759399
2905,0.30075187969924816
2906,0.6565656565656566
2907,0.36868686868686873
2908,0.4373301117487164
2909,0.5114768951978255
2910,0.6666666666666666
2911,0.4722222222222222
2912,0.7959183673469389
2913,0.18571428571428572
2914,0.49585000000000007
2915,0.5342
2916,0.52
2917,0.44
2918,0.5176470588235295
2919,0.5941176470588235
2920,0.5151515151515151
2921,0.23484848484848486
2922,0.5388100271821202
2923,0.5351102385986107
2924,1.0
2925,0.6944444444444444
2926,0.37142857142857144
2927,0.6693877551020408
2928,0.45999999999999996
2929,0.4612
2930,0.1941176470588235
2931,0.27058823529411763
2932,0.6540404040404041
2933,0.7222222222222222
2934,0.545756569012383
2935,0.4909392932648746
2936,0.6388888888888888
2937,0.7916666666666666
2938,0.826530612244898
2939,0.14285714285714285
2940,0.56
2941,0.5
2942,0.47357293868921774
2943,0.5023406825732407
2944,0.7877551020408164
2945,0.7877551020408162
2946,0.4512231954092419
2947,0.3721685291452733
2948,0.8611111111111112
2949,0.5277777777777778
2950,0.726530612244898
2951,0.7020408163265306
2952,0.4959
2953,0.48055
2954,0.23999999999999996
2955,0.28
2956,0.5529411764705883
2957,0.48235294117647065
2958,0.8055555555555556
2959,0.5277777777777778
2960,0.8408163265306123
2961,0.31020408163265306
2962,0.49645
2963,0.5091000000000001
2964,0.2
2965,0.88
2966,0.3823529411764706
2967,0.3764705882352941
2968,0.746938775510204
2969,0.6489795918367347
2970,0.4608
2971,0.4098
2972,0.52
2973,0.36
2974,0.5764705882352942
2975,0.6
2976,0.47100000000000003
2977,0.505
2978,0.8
2979,0.07999999999999999
2980,0.5941176470588235
2981,0.5617647058823529
2982,0.6
2983,0.49411764705882355
2984,0.67024089306698
2985,0.40775558166862513
2986,0.6388888888888888
2987,0.4722222222222223
2988,0.599974593495935
2989,0.337059620596206
2990,0.5338345864661653
2991,0.3872180451127819
2992,0.7196969696969697
2993,0.5707070707070707
2994,0.5305043793415886
2995,0.6239806704922984
2996,0.9444444444444444
2997,0.3055555555555556
2998,0.616326530612245
2999,0.47346938775510206
3000,0.4777
3001,0.5113
3002,0.4
3003,0.39999999999999997
3004,0.4823529411764706
3005,0.6470588235294118
3006,0.6666666666666667
3007,0.5277777777777778
3008,0.4548872180451128
3009,0.4736842105263158
3010,0.7222222222222223
3011,0.6590909090909092
3012,0.5238598610691634
3013,0.5066445182724252
3014,0.3472222222222222
3015,0.611111111111111
3016,0.38163265306122446
3017,0.9877551020408164
3018,0.3997
3019,0.51985
3020,0.48
3021,0.24
3022,0.4823529411764706
3023,0.49411764705882355
3024,0.5864661654135339
3025,0.631578947368421
3026,0.6792929292929293
3027,0.6818181818181819
3028,0.5175173663545756
3029,0.5247659317426759
3030,0.8888888888888888
3031,0.5416666666666667
3032,0.17142857142857143
3033,0.27755102040816326
3034,0.48935000000000006
3035,0.52045
3036,0.5176470588235295
3037,0.7411764705882353
3038,0.5151515151515151
3039,0.5101010101010102
3040,0.5217456961643008
3041,0.466626396858955
3042,0.6326530612244898
3043,0.4
3044,0.5700999999999999
3045,0.5009
3046,0.21764705882352942
3047,0.34705882352941175
3048,0.6186868686868687
3049,0.4166666666666667
3050,0.5300513440048323
3051,0.42449411054062214
3052,0.2777777777777778
3053,0.7777777777777778
3054,0.22448979591836737
3055,0.40816326530612246
3056,0.519
3057,0.43610000000000004
3058,0.37058823529411766
3059,0.34705882352941175
3060,0.5326185442464513
3061,0.42419208698278466
3062,0.9722222222222222
3063,0.5555555555555556
3064,0.710204081632653
3065,0.8653061224489796
3066,0.46879999999999994
3067,0.4245
3068,0.44000000000000006
3069,0.56
3070,0.4588235294117647
3071,0.5764705882352941
3072,0.9722222222222222
3073,0.41666666666666663
3074,0.6244897959183674
3075,0.1510204081632653
3076,0.49279999999999996
3077,0.4701
3078,0.4
3079,0.6
3080,0.4764705882352941
3081,0.23823529411764707
3082,0.6489795918367347
3083,0.7959183673469388
3084,0.45344999999999996
3085,0.3864
3086,0.2852941176470588
3087,0.4176470588235294
3088,0.47794999999999993
3089,0.5618000000000001
3090,0.52
3091,0.36000000000000004
3092,0.4294117647058823
3093,0.40588235294117647
3094,0.58
3095,0.6
3096,0.5117647058823529
3097,0.43529411764705883
3098,0.6666666666666667
3099,0.5555555555555556
3100,0.631578947368421
3101,0.4661654135338346
3102,0.4242424242424242
3103,0.6515151515151515
3104,0.6199033524614921
3105,0.4967532467532467
3106,0.5277777777777778
3107,0.5833333333333334
3108,0.6693877551020408
3109,0.979591836734694
3110,0.4403
3111,0.50855
3112,0.24000000000000002
3113,0.24
3114,0.3441176470588236
3115,0.4764705882352941
3116,0.27819548872180455
3117,0.6240601503759399
3118,0.7196969696969697
3119,0.6868686868686869
3120,0.5693144065237088
3121,0.5010570824524313
3122,0.861111111111111
3123,0.9166666666666666
3124,0.22448979591836732
3125,0.24285714285714285
3126,0.5498000000000001
3127,0.52045
3128,0.5529411764705883
3129,0.7411764705882353
3130,0.5277777777777778
3131,0.5757575757575758
3132,0.48369072787677436
3133,0.48112352763515553
3134,0.13877551020408163
3135,0.34285714285714286
3136,0.4921
3137,0.5078
3138,0.4529411764705882
3139,0.30588235294117644
3140,0.4722222222222222
3141,0.4166666666666667
3142,0.5463606161280581
3143,0.4240410752038659
3144,0.3888888888888889
3145,0.7777777777777778
3146,0.7653061224489796
3147,0.3918367346938776
3148,0.5433
3149,0.43610000000000004
3150,0.5323529411764706
3151,0.3411764705882353
3152,0.5936273029296285
3153,0.4223799456357596
3154,0.6944444444444444
3155,0.611111111111111
3156,0.44285714285714284
3157,0.8734693877551021
3158,0.513
3159,0.41350000000000003
3160,0.39999999999999997
3161,0.5599999999999999
3162,0.5588235294117647
3163,0.5294117647058822
3164,0.7083333333333334
3165,0.5833333333333334
3166,0.4122448979591837
3167,0.2163265306122449
3168,0.5113
3169,0.47559999999999997
3170,0.56
3171,0.88
3172,0.5529411764705883
3173,0.33235294117647063
3174,0.983673469387755
3175,0.8163265306122449
3176,0.511
3177,0.3871
3178,0.7176470588235293
3179,0.4352941176470588
3180,0.5557
3181,0.5579000000000001
3182,0.39999999999999997
3183,0.28
3184,0.4911764705882353
3185,0.38823529411764707
3186,0.4
3187,0.6
3188,0.5411764705882354
3189,0.44705882352941173
3190,0.5732323232323231
3191,0.6565656565656566
3192,0.42623074599818783
3193,0.4654183026276049
3194,0.41666666666666663
3195,0.5833333333333334
3196,0.8489795918367347
3197,0.24285714285714285
3198,0.5346500000000001
3199,0.49685
3200,0.2117647058823529
3201,0.7
3202,0.4255050505050505
3203,0.5075757575757576
3204,0.46413470250679556
3205,0.4881455753548777
3206,0.6527777777777778
3207,0.7083333333333333
3208,0.2
3209,0.8448979591836735
3210,0.49485
3211,0.3971
3212,0.5735294117647058
3213,0.42647058823529405
3214,0.5257475083056479
3215,0.47530957414678343
3216,0.611111111111111
3217,0.33333333333333337
3218,0.946938775510204
3219,0.7510204081632653
3220,0.492
3221,0.5228999999999999
3222,0.24
3223,0.52
3224,0.5235294117647058
3225,0.611764705882353
3226,0.611111111111111
3227,0.861111111111111
3228,0.9877551020408164
3229,0.4122448979591837
3230,0.5179499999999999
3231,0.38200000000000006
3232,0.24
3233,0.52
3234,0.5352941176470588
3235,0.34705882352941175
3236,0.806122448979592
3237,0.8040816326530613
3238,0.4684
3239,0.3752
3240,0.40588235294117647
3241,0.5470588235294118
3242,0.5581
3243,0.5699000000000001
3244,0.5235294117647059
3245,0.5117647058823529
3246,0.3558823529411765
3247,0.5294117647058824
3248,0.6262626262626262
3249,0.6590909090909092
3250,0.4667774086378738
3251,0.4876925400181214
3252,0.2979591836734694
3253,0.5428571428571428
3254,0.5276351555421323
3255,0.4044095439444277
3256,0.5416666666666667
3257,0.4722222222222222
3258,0.24285714285714285
3259,0.7918367346938775
3260,0.5130499999999999
3261,0.43460000000000004
3262,0.7411764705882353
3263,0.6588235294117647
3264,0.6666666666666666
3265,0.8055555555555555
3266,0.18571428571428572
3267,0.11020408163265306
3268,0.52045
3269,0.5564
3270,0.48
3271,0.31999999999999995
3272,0.7294117647058823
3273,0.6
3274,0.07142857142857142
3275,0.6408163265306123
3276,0.4775
3277,0.3824
3278,0.776470588235294
3279,0.49999999999999994
3280,0.5026499999999999
3281,0.5534
3282,0.6294117647058823
3283,0.28823529411764703
3284,0.7705882352941176
3285,0.49411764705882355
3286,0.46496526729084875
3287,0.5539112050739957
3288,0.4163265306122449
3289,0.8244897959183675
3290,0.4923
3291,0.4351999999999999
3292,0.27058823529411763
3293,0.6470588235294118
3294,0.4
3295,0.6857142857142857
3296,0.5009
3297,0.47640000000000005
3298,0.34705882352941175
3299,0.5117647058823529
3300,0.5009
3301,0.47115000000000007
3302,0.34705882352941175
3303,0.4529411764705883
3304,0.34705882352941175
3305,0.47058823529411764
3306,0.4469948655995168
3307,0.5305043793415887
3308,0.7777777777777778
3309,0.2222222222222222
3310,0.5224489795918367
3311,0.6204081632653061
3312,0.4254
3313,0.5194000000000001
3314,0.3558823529411764
3315,0.45294117647058824
3316,0.7777777777777778
3317,0.1111111111111111
3318,0.4163265306122449
3319,0.17551020408163265
3320,0.43610000000000004
3321,0.50915
3322,0.3411764705882353
3323,0.5941176470588235
3324,0.7795918367346938
3325,0.8081632653061225
3326,0.4476
3327,0.3987
3328,0.5294117647058824
3329,0.6705882352941177
3330,0.4292000000000001
3331,0.5617
3332,0.3294117647058823
3333,0.3235294117647059
3334,0.3852941176470588
3335,0.4882352941176471
3336,0.5555555555555556
3337,0.4444444444444444
3338,0.8693877551020408
3339,0.1510204081632653
3340,0.4255
3341,0.47824999999999995
3342,0.5599999999999999
3343,0.8
3344,0.5588235294117647
3345,0.2647058823529412
3346,0.6979591836734694
3347,0.7632653061224489
3348,0.46225
3349,0.3885
3350,0.38823529411764707
3351,0.4235294117647058
3352,0.47309999999999997
3353,0.5654000000000001
3354,0.52
3355,0.32
3356,0.4529411764705882
3357,0.3882352941176471
3358,0.44000000000000006
3359,0.5599999999999999
3360,0.6176470588235294
3361,0.49411764705882355
3362,0.15510204081632656
3363,0.8122448979591836
3364,0.4632
3365,0.3864
3366,0.4
3367,0.56
3368,0.6882352941176471
3369,0.4176470588235294
3370,0.5294000000000001
3371,0.556
3372,1.0
3373,0.39999999999999997
3374,0.41764705882352937
3375,0.4
3376,0.6399999999999999
3377,0.6
3378,0.27647058823529413
3379,0.43529411764705883
3380,0.37650000000000006
3381,0.5091
3382,0.48
3383,0.52
3384,0.4235294117647059
3385,0.3529411764705882
3386,0.43529411764705883
3387,0.5823529411764705
3388,0.54
3389,0.6000000000000001
3390,0.40588235294117647
3391,0.4705882352941177
